StateCode,Datetime,Demand,ISGS,ImportData
CTG,2026-09-01 10:35:17,"4,439","2,285","2,154"
DND,2026-09-01 10:35:18,381,,381
BHR,2026-09-01 10:35:16,"5,464","1,055","4,409"
ASM,2026-09-01 10:35:16,"1,334",356,978
CHG,2026-09-01 10:35:17,347,,347
AP,2026-09-01 10:35:16,"13,508","8,725","4,783"
ACP,2026-09-01 10:35:16,130,,130
GOA,2026-09-01 10:35:19,581,,581
HRN,2026-09-01 10:35:19,"11,971","2,117","9,854"
DNH,2026-09-01 10:35:19,942,,942
DL,2026-09-01 10:35:19,"5,831",518,"5,313"
GJT,2026-09-01 10:35:20,"26,812","19,734","7,078"
HP,2026-09-01 10:35:20,"1,575","1,583",-8
JHK,2026-09-01 10:35:21,"1,619",409,"1,210"
JAK,2026-09-01 10:35:21,"2,430",652,"1,778"
MPD,2026-09-01 10:35:21,"11,750","5,695","6,055"
KRT,2026-09-01 10:35:21,"16,051","9,751","6,300"
KRL,2026-09-01 10:35:21,"2,972",451,"2,521"
NGD,2026-09-01 10:35:22,125,,125
MHA,2026-09-01 10:35:22,"28,636","16,223","12,413"
PNB,2026-09-01 10:35:23,"15,278","4,702","10,576"
PU,2026-09-01 10:35:23,378,,378
MIP,2026-09-01 10:35:23,140,,140
MGA,2026-09-01 10:35:23,247,0,247
SKM,2026-09-01 10:35:24,82,,82
TND,2026-09-01 10:35:24,"17,994","15,054","2,940"
ODI,2026-09-01 10:35:24,"5,365","3,260","2,105"
RJ,2026-09-01 10:35:25,"16,139","13,779","2,360"
MZM,2026-09-01 10:35:25,82,,82
TLG,2026-09-01 10:35:25,"16,368","6,694","9,674"
UTK,2026-09-01 10:35:25,"1,900",844,"1,056"
UP,2026-09-01 10:35:25,"21,495","11,761","9,734"
BGL,2026-09-01 10:35:25,"9,562","5,503","4,059"
TPA,2026-09-01 10:35:25,236,0,236
CHG,2026-09-01 15:34:38,389,,389
ASM,2026-09-01 15:34:39,"1,594",319,"1,275"
ACP,2026-09-01 15:34:38,156,,156
AP,2026-09-01 15:34:38,"13,810","8,281","5,529"
DL,2026-09-01 15:34:40,"6,967",515,"6,452"
BHR,2026-09-01 15:34:39,"6,039","1,054","4,985"
CTG,2026-09-01 15:34:39,"4,256","2,333","1,923"
GJT,2026-09-01 15:34:41,"28,012","19,042","8,970"
DND,2026-09-01 15:34:39,379,,379
GOA,2026-09-01 15:34:41,568,,568
HP,2026-09-01 15:34:41,"1,427","1,776",-349
JAK,2026-09-01 15:34:42,"2,342",661,"1,681"
DNH,2026-09-01 15:34:42,973,,973
HRN,2026-09-01 15:34:43,"14,019","2,375","11,644"
MPD,2026-09-01 15:34:43,"11,055","5,017","6,038"
KRT,2026-09-01 15:34:43,"16,370","9,346","7,024"
KRL,2026-09-01 15:34:43,"3,414",369,"3,045"
MIP,2026-09-01 15:34:44,161,,161
JHK,2026-09-01 15:34:44,"1,488",409,"1,079"
MZM,2026-09-01 15:34:44,114,,114
ODI,2026-09-01 15:34:45,"5,283","3,260","2,023"
MHA,2026-09-01 15:34:45,"28,104","17,204","10,900"
MGA,2026-09-01 15:34:45,259,0,259
PNB,2026-09-01 15:34:46,"16,092","5,035","11,057"
SKM,2026-09-01 15:34:46,65,,65
RJ,2026-09-01 15:34:46,"16,519","12,752","3,767"
NGD,2026-09-01 15:34:46,160,,160
PU,2026-09-01 15:34:46,454,,454
TLG,2026-09-01 15:34:47,"16,343","6,741","9,602"
UP,2026-09-01 15:34:47,"20,562","11,940","8,622"
TPA,2026-09-01 15:34:47,257,0,257
TND,2026-09-01 15:34:47,"19,842","14,119","5,723"
BGL,2026-09-01 15:34:47,"9,664","5,807","3,857"
UTK,2026-09-01 15:34:47,"1,783",777,"1,006"
BHR,2026-09-01 20:22:18,"7,890","1,309","6,581"
AP,2026-09-01 20:22:17,"10,857","7,959","2,898"
ACP,2026-09-01 20:22:18,181,,181
ASM,2026-09-01 20:22:17,"2,162",339,"1,823"
DL,2026-09-01 20:22:19,"6,456",555,"5,901"
DNH,2026-09-01 20:22:19,951,,951
CHG,2026-09-01 20:22:20,349,,349
CTG,2026-09-01 20:22:19,"4,520","2,313","2,207"
GJT,2026-09-01 20:22:20,"22,201","14,526","7,675"
HP,2026-09-01 20:22:21,"1,148","1,640",-492
HRN,2026-09-01 20:22:21,"12,105","2,900","9,205"
DND,2026-09-01 20:22:21,353,,353
JHK,2026-09-01 20:22:21,"1,920",409,"1,511"
MIP,2026-09-01 20:22:21,138,,138
MPD,2026-09-01 20:22:21,"11,119","6,140","4,979"
KRL,2026-09-01 20:22:22,"4,762","1,657","3,105"
GOA,2026-09-01 20:22:22,628,,628
JAK,2026-09-01 20:22:22,"2,413",661,"1,752"
KRT,2026-09-01 20:22:22,"11,781","8,569","3,212"
MHA,2026-09-01 20:22:22,"25,306","16,611","8,695"
MGA,2026-09-01 20:22:23,312,0,312
PU,2026-09-01 20:22:23,516,,516
PNB,2026-09-01 20:22:24,"13,492","4,718","8,774"
RJ,2026-09-01 20:22:24,"14,766","7,870","6,896"
TND,2026-09-01 20:22:24,"19,577","9,675","9,902"
ODI,2026-09-01 20:22:24,"5,318","3,260","2,058"
SKM,2026-09-01 20:22:24,74,,74
NGD,2026-09-01 20:22:24,117,,117
TLG,2026-09-01 20:22:25,"9,663","6,176","3,487"
MZM,2026-09-01 20:22:25,106,,106
TPA,2026-09-01 20:22:25,313,0,313
UP,2026-09-01 20:22:25,"24,246","12,783","11,463"
UTK,2026-09-01 20:22:25,"2,108",918,"1,190"
BGL,2026-09-01 20:22:25,"10,291","6,254","4,037"
BHR,2026-09-01 23:59:04,"7,380","1,315","6,065"
ACP,2026-09-01 23:59:04,133,,133
CHG,2026-09-01 23:59:04,321,,321
ASM,2026-09-01 23:59:04,"1,830",344,"1,486"
AP,2026-09-01 23:59:05,"11,361","8,044","3,317"
CTG,2026-09-01 23:59:06,"4,492","2,311","2,181"
DNH,2026-09-01 23:59:06,947,,947
GOA,2026-09-01 23:59:06,531,,531
HRN,2026-09-01 23:59:07,"11,951","2,552","9,399"
DND,2026-09-01 23:59:07,356,,356
DL,2026-09-01 23:59:07,"6,620",579,"6,041"
GJT,2026-09-01 23:59:07,"20,841","13,169","7,672"
HP,2026-09-01 23:59:08,"1,111","1,772",-661
KRL,2026-09-01 23:59:08,"4,168","1,571","2,597"
JAK,2026-09-01 23:59:09,"1,851",660,"1,191"
JHK,2026-09-01 23:59:09,"1,546",409,"1,137"
MPD,2026-09-01 23:59:09,"10,681","6,395","4,286"
KRT,2026-09-01 23:59:09,"10,067","7,353","2,714"
MGA,2026-09-01 23:59:10,217,0,217
MZM,2026-09-01 23:59:10,60,,60
ODI,2026-09-01 23:59:10,"5,082","3,260","1,822"
MHA,2026-09-01 23:59:10,"24,252","15,996","8,256"
NGD,2026-09-01 23:59:10,77,,77
PU,2026-09-01 23:59:11,490,,490
MIP,2026-09-01 23:59:11,101,,101
SKM,2026-09-01 23:59:12,35,,35
TND,2026-09-01 23:59:12,"19,203","8,550","10,653"
RJ,2026-09-01 23:59:12,"15,997","7,673","8,324"
TLG,2026-09-01 23:59:12,"8,660","5,514","3,146"
PNB,2026-09-01 23:59:12,"12,933","4,678","8,255"
BGL,2026-09-01 23:59:12,"9,989","5,577","4,412"
UP,2026-09-01 23:59:12,"24,252","12,705","11,547"
UTK,2026-09-01 23:59:13,"1,860",945,915
TPA,2026-09-01 23:59:13,284,0,284
CHG,2026-09-02 03:16:15,264,,264
CTG,2026-09-02 03:16:15,"4,246","2,199","2,047"
ASM,2026-09-02 03:16:15,"1,565",343,"1,222"
DND,2026-09-02 03:16:16,345,,345
AP,2026-09-02 03:16:15,"10,791","6,907","3,884"
ACP,2026-09-02 03:16:15,124,,124
BHR,2026-09-02 03:16:15,"6,507","1,315","5,192"
DL,2026-09-02 03:16:17,"5,423",573,"4,850"
GOA,2026-09-02 03:16:18,488,,488
HP,2026-09-02 03:16:18,"1,061","1,703",-642
GJT,2026-09-02 03:16:18,"19,379","11,805","7,574"
HRN,2026-09-02 03:16:18,"12,443","2,528","9,915"
JAK,2026-09-02 03:16:18,"1,557",658,899
MPD,2026-09-02 03:16:18,"10,082","6,566","3,516"
MHA,2026-09-02 03:16:19,"23,923","15,382","8,541"
DNH,2026-09-02 03:16:18,935,,935
KRT,2026-09-02 03:16:19,"10,160","6,967","3,193"
MIP,2026-09-02 03:16:19,88,,88
JHK,2026-09-02 03:16:22,"1,492",409,"1,083"
NGD,2026-09-02 03:16:22,66,,66
KRL,2026-09-02 03:16:22,"3,436",870,"2,566"
ODI,2026-09-02 03:16:22,"4,637","3,260","1,377"
SKM,2026-09-02 03:16:22,26,,26
PU,2026-09-02 03:16:22,424,,424
PNB,2026-09-02 03:16:22,"13,543","4,663","8,880"
MZM,2026-09-02 03:16:22,44,,44
MGA,2026-09-02 03:16:22,208,0,208
RJ,2026-09-02 03:16:23,"15,413","7,932","7,481"
TND,2026-09-02 03:16:23,"17,470","7,494","9,976"
TLG,2026-09-02 03:16:23,"8,654","5,712","2,942"
UTK,2026-09-02 03:16:23,"1,696",943,753
TPA,2026-09-02 03:16:23,238,0,238
UP,2026-09-02 03:16:23,"21,833","12,155","9,678"
BGL,2026-09-02 03:16:23,"8,629","5,748","2,881"
BHR,2026-09-02 05:42:15,"5,914","1,311","4,603"
ASM,2026-09-02 05:42:15,"1,450",349,"1,101"
ACP,2026-09-02 05:42:15,134,,134
AP,2026-09-02 05:42:15,"11,297","6,827","4,470"
CTG,2026-09-02 05:42:17,"4,524","2,217","2,307"
CHG,2026-09-02 05:42:17,247,,247
DNH,2026-09-02 05:42:17,941,,941
DND,2026-09-02 05:42:17,342,,342
GOA,2026-09-02 05:42:18,486,,486
HRN,2026-09-02 05:42:18,"12,292","2,509","9,783"
DL,2026-09-02 05:42:19,"5,044",575,"4,469"
GJT,2026-09-02 05:42:19,"19,476","11,736","7,740"
KRT,2026-09-02 05:42:19,"12,200","7,700","4,500"
JHK,2026-09-02 05:42:20,"1,568",409,"1,159"
JAK,2026-09-02 05:42:20,"1,843",659,"1,184"
MHA,2026-09-02 05:42:20,"24,139","15,396","8,743"
HP,2026-09-02 05:42:20,"1,146","1,703",-557
KRL,2026-09-02 05:42:20,"3,569",972,"2,597"
MGA,2026-09-02 05:42:21,261,0,261
MPD,2026-09-02 05:42:21,"10,485","6,691","3,794"
MIP,2026-09-02 05:42:21,146,,146
PNB,2026-09-02 05:42:22,"13,032","4,676","8,356"
RJ,2026-09-02 05:42:22,"13,840","7,691","6,149"
NGD,2026-09-02 05:42:22,108,,108
ODI,2026-09-02 05:42:22,"4,729","3,260","1,469"
SKM,2026-09-02 05:42:22,56,,56
MZM,2026-09-02 05:42:22,61,,61
PU,2026-09-02 05:42:22,415,,415
TLG,2026-09-02 05:42:23,"13,049","6,728","6,321"
TND,2026-09-02 05:42:23,"17,289","6,838","10,451"
TPA,2026-09-02 05:42:23,217,0,217
UP,2026-09-02 05:42:23,"20,145","12,729","7,416"
BGL,2026-09-02 05:42:23,"7,787","6,079","1,708"
UTK,2026-09-02 05:42:24,"1,765",943,822
ACP,2026-09-02 10:10:19,153,,153
ASM,2026-09-02 10:10:19,"1,562",472,"1,090"
AP,2026-09-02 10:10:20,"13,761","8,321","5,440"
CTG,2026-09-02 10:10:20,"4,538","2,390","2,148"
CHG,2026-09-02 10:10:20,320,,320
DND,2026-09-02 10:10:21,396,,396
DNH,2026-09-02 10:10:21,987,,987
BHR,2026-09-02 10:10:22,"5,187","1,193","3,994"
GJT,2026-09-02 10:10:22,"27,786","16,689","11,097"
HRN,2026-09-02 10:10:22,"12,698","2,068","10,630"
JAK,2026-09-02 10:10:23,"2,286",660,"1,626"
JHK,2026-09-02 10:10:23,"1,737",409,"1,328"
GOA,2026-09-02 10:10:24,552,,552
DL,2026-09-02 10:10:24,"5,956",242,"5,714"
KRT,2026-09-02 10:10:25,"16,670","10,620","6,050"
HP,2026-09-02 10:10:25,"1,441","1,888",-447
MPD,2026-09-02 10:10:25,"12,372","6,643","5,729"
KRL,2026-09-02 10:10:25,"3,121",579,"2,542"
MGA,2026-09-02 10:10:26,258,0,258
MIP,2026-09-02 10:10:26,159,,159
ODI,2026-09-02 10:10:26,"5,405","3,260","2,145"
MHA,2026-09-02 10:10:26,"29,307","16,843","12,464"
PU,2026-09-02 10:10:27,347,,347
MZM,2026-09-02 10:10:27,71,,71
NGD,2026-09-02 10:10:28,115,,115
SKM,2026-09-02 10:10:28,80,,80
TPA,2026-09-02 10:10:29,252,0,252
RJ,2026-09-02 10:10:28,"16,711","12,826","3,885"
PNB,2026-09-02 10:10:29,"15,790","5,071","10,719"
TND,2026-09-02 10:10:29,"18,341","14,919","3,422"
UTK,2026-09-02 10:10:29,"1,863",939,924
TLG,2026-09-02 10:10:29,"16,855","7,672","9,183"
UP,2026-09-02 10:10:29,"20,041","10,600","9,441"
BGL,2026-09-02 10:10:30,"9,542","5,565","3,977"
AP,2026-09-02 15:06:26,"13,379","7,315","6,064"
CHG,2026-09-02 15:06:26,368,,368
ACP,2026-09-02 15:06:27,172,,172
BHR,2026-09-02 15:06:27,"5,612","1,048","4,564"
CTG,2026-09-02 15:06:27,"4,152","2,297","1,855"
DND,2026-09-02 15:06:28,406,,406
ASM,2026-09-02 15:06:28,"1,938",449,"1,489"
HRN,2026-09-02 15:06:28,"14,327","2,368","11,959"
DNH,2026-09-02 15:06:28,983,,983
GOA,2026-09-02 15:06:29,567,,567
KRL,2026-09-02 15:06:30,"3,286",424,"2,862"
JHK,2026-09-02 15:06:31,"1,561",409,"1,152"
DL,2026-09-02 15:06:31,"6,525",532,"5,993"
HP,2026-09-02 15:06:31,"1,350","1,908",-558
KRT,2026-09-02 15:06:31,"16,056","9,694","6,362"
GJT,2026-09-02 15:06:31,"28,037","18,057","9,980"
JAK,2026-09-02 15:06:31,"2,188",658,"1,530"
MPD,2026-09-02 15:06:31,"10,756","4,911","5,845"
MHA,2026-09-02 15:06:32,"29,151","16,912","12,239"
MIP,2026-09-02 15:06:32,147,,147
ODI,2026-09-02 15:06:33,"5,677","3,260","2,417"
TND,2026-09-02 15:06:34,"19,123","14,827","4,296"
NGD,2026-09-02 15:06:34,153,,153
TLG,2026-09-02 15:06:34,"16,668","6,988","9,680"
PNB,2026-09-02 15:06:35,"15,868","5,072","10,796"
MZM,2026-09-02 15:06:35,0,,0
RJ,2026-09-02 15:06:35,"16,704","13,632","3,072"
MGA,2026-09-02 15:06:35,251,0,251
PU,2026-09-02 15:06:36,454,,454
SKM,2026-09-02 15:06:36,71,,71
TPA,2026-09-02 15:06:36,255,0,255
UP,2026-09-02 15:06:36,"19,536","11,680","7,856"
BGL,2026-09-02 15:06:36,"9,815","5,585","4,230"
UTK,2026-09-02 15:06:36,"1,500",762,738
AP,2026-09-02 19:58:30,"10,311","8,107","2,204"
ASM,2026-09-02 19:58:30,"2,482",356,"2,126"
CHG,2026-09-02 19:58:31,331,,331
BHR,2026-09-02 19:58:31,"7,576","1,407","6,169"
ACP,2026-09-02 19:58:30,200,,200
DND,2026-09-02 19:58:32,379,,379
CTG,2026-09-02 19:58:32,"4,394","2,375","2,019"
DNH,2026-09-02 19:58:32,987,,987
DL,2026-09-02 19:58:33,"6,182",578,"5,604"
JAK,2026-09-02 19:58:33,"2,428",661,"1,767"
JHK,2026-09-02 19:58:33,"1,769",409,"1,360"
GJT,2026-09-02 19:58:33,"22,410","14,512","7,898"
GOA,2026-09-02 19:58:33,624,,624
KRT,2026-09-02 19:58:34,"11,471","8,628","2,843"
KRL,2026-09-02 19:58:34,"4,178","1,650","2,528"
HP,2026-09-02 19:58:34,"1,429","2,035",-606
HRN,2026-09-02 19:58:34,"12,656","2,928","9,728"
MIP,2026-09-02 19:58:35,186,,186
ODI,2026-09-02 19:58:35,"5,777","3,260","2,517"
MZM,2026-09-02 19:58:35,113,,113
NGD,2026-09-02 19:58:35,154,,154
PU,2026-09-02 19:58:36,523,,523
PNB,2026-09-02 19:58:36,"13,302","4,725","8,577"
MPD,2026-09-02 19:58:36,"11,149","5,990","5,159"
MGA,2026-09-02 19:58:36,336,0,336
MHA,2026-09-02 19:58:36,"25,722","17,640","8,082"
TPA,2026-09-02 19:58:37,297,0,297
SKM,2026-09-02 19:58:37,84,,84
BGL,2026-09-02 19:58:37,"10,470","6,178","4,292"
RJ,2026-09-02 19:58:37,"15,443","7,880","7,563"
UP,2026-09-02 19:58:37,"24,527","12,978","11,549"
TLG,2026-09-02 19:58:37,"10,225","6,814","3,411"
UTK,2026-09-02 19:58:37,"2,038",827,"1,211"
TND,2026-09-02 19:58:38,"19,937","9,961","9,976"
ASM,2026-09-03 00:11:14,"2,270",347,"1,923"
ACP,2026-09-03 00:11:15,150,,150
DNH,2026-09-03 00:11:15,973,,973
AP,2026-09-03 00:11:15,"10,665","7,160","3,505"
DND,2026-09-03 00:11:17,364,,364
CTG,2026-09-03 00:11:17,"4,314","2,405","1,909"
GJT,2026-09-03 00:11:18,"20,622","13,436","7,186"
CHG,2026-09-03 00:11:17,296,,296
GOA,2026-09-03 00:11:18,518,,518
BHR,2026-09-03 00:11:17,"7,184","1,205","5,979"
DL,2026-09-03 00:11:17,"6,249",801,"5,448"
HP,2026-09-03 00:11:18,"1,162","1,982",-820
JAK,2026-09-03 00:11:19,"1,908",659,"1,249"
JHK,2026-09-03 00:11:18,"1,699",409,"1,290"
MZM,2026-09-03 00:11:20,56,,56
MGA,2026-09-03 00:11:20,233,0,233
KRT,2026-09-03 00:11:20,"10,541","7,159","3,382"
HRN,2026-09-03 00:11:20,"11,945","2,724","9,221"
NGD,2026-09-03 00:11:21,96,,96
MHA,2026-09-03 00:11:21,"23,040","15,402","7,638"
KRL,2026-09-03 00:11:21,"4,301","1,447","2,854"
MPD,2026-09-03 00:11:21,"10,313","6,452","3,861"
ODI,2026-09-03 00:11:22,"5,562","3,260","2,302"
MIP,2026-09-03 00:11:22,101,,101
SKM,2026-09-03 00:11:23,33,,33
PNB,2026-09-03 00:11:23,"13,308","4,661","8,647"
PU,2026-09-03 00:11:23,485,,485
RJ,2026-09-03 00:11:24,"15,113","7,549","7,564"
TLG,2026-09-03 00:11:24,"8,786","5,347","3,439"
UP,2026-09-03 00:11:24,"23,953","12,152","11,801"
TND,2026-09-03 00:11:24,"18,972","9,273","9,699"
TPA,2026-09-03 00:11:24,267,0,267
BGL,2026-09-03 00:11:24,"10,032","6,351","3,681"
UTK,2026-09-03 00:11:24,"1,757",826,931
CTG,2026-09-03 03:18:40,"4,298","2,353","1,945"
ASM,2026-09-03 03:18:40,"1,960",354,"1,606"
DND,2026-09-03 03:18:41,359,,359
CHG,2026-09-03 03:18:41,252,,252
ACP,2026-09-03 03:18:40,132,,132
AP,2026-09-03 03:18:39,"10,210","6,508","3,702"
BHR,2026-09-03 03:18:41,"6,535","1,225","5,310"
DNH,2026-09-03 03:18:42,963,,963
DL,2026-09-03 03:18:42,"5,242",759,"4,483"
GJT,2026-09-03 03:18:43,"19,274","12,128","7,146"
GOA,2026-09-03 03:18:43,473,,473
KRT,2026-09-03 03:18:44,"10,303","6,186","4,117"
HP,2026-09-03 03:18:44,"1,094","1,718",-624
JAK,2026-09-03 03:18:44,"1,622",659,963
JHK,2026-09-03 03:18:44,"1,647",409,"1,238"
KRL,2026-09-03 03:18:44,"3,508",923,"2,585"
HRN,2026-09-03 03:18:44,"12,172","2,203","9,969"
MPD,2026-09-03 03:18:45,"9,613","6,367","3,246"
MGA,2026-09-03 03:18:45,219,0,219
MHA,2026-09-03 03:18:46,"22,456","14,680","7,776"
MIP,2026-09-03 03:18:46,90,,90
PU,2026-09-03 03:18:46,437,,437
MZM,2026-09-03 03:18:46,38,,38
NGD,2026-09-03 03:18:47,83,,83
SKM,2026-09-03 03:18:47,28,,28
PNB,2026-09-03 03:18:47,"13,606","4,645","8,961"
TND,2026-09-03 03:18:47,"17,239","7,367","9,872"
TLG,2026-09-03 03:18:47,"8,426","4,945","3,481"
ODI,2026-09-03 03:18:48,"5,169","3,260","1,909"
RJ,2026-09-03 03:18:48,"15,478","7,617","7,861"
TPA,2026-09-03 03:18:48,226,0,226
UP,2026-09-03 03:18:48,"21,012","13,024","7,988"
BGL,2026-09-03 03:18:48,"8,782","6,194","2,588"
UTK,2026-09-03 03:18:48,"1,651",825,826
CTG,2026-09-03 05:44:23,"4,418","2,346","2,072"
AP,2026-09-03 05:44:22,"10,792","6,547","4,245"
ACP,2026-09-03 05:44:23,131,,131
BHR,2026-09-03 05:44:24,"6,255","1,276","4,979"
ASM,2026-09-03 05:44:23,"1,627",367,"1,260"
DNH,2026-09-03 05:44:24,966,,966
DND,2026-09-03 05:44:24,350,,350
CHG,2026-09-03 05:44:25,239,,239
DL,2026-09-03 05:44:25,"4,984",711,"4,273"
GJT,2026-09-03 05:44:25,"19,406","12,059","7,347"
HRN,2026-09-03 05:44:26,"11,630","2,224","9,406"
GOA,2026-09-03 05:44:26,484,,484
HP,2026-09-03 05:44:27,"1,217","1,745",-528
JHK,2026-09-03 05:44:27,"1,735",409,"1,326"
MPD,2026-09-03 05:44:27,"10,115","6,388","3,727"
KRL,2026-09-03 05:44:28,"3,637",973,"2,664"
MIP,2026-09-03 05:44:28,160,,160
MHA,2026-09-03 05:44:28,"23,050","16,014","7,036"
KRT,2026-09-03 05:44:28,"12,395","6,825","5,570"
NGD,2026-09-03 05:44:29,128,,128
MZM,2026-09-03 05:44:29,54,,54
MGA,2026-09-03 05:44:29,260,0,260
JAK,2026-09-03 05:44:29,"1,849",660,"1,189"
PU,2026-09-03 05:44:30,427,,427
SKM,2026-09-03 05:44:30,51,,51
ODI,2026-09-03 05:44:31,"5,042","3,260","1,782"
TLG,2026-09-03 05:44:31,"13,210","6,055","7,155"
RJ,2026-09-03 05:44:31,"14,326","7,523","6,803"
PNB,2026-09-03 05:44:31,"12,986","4,652","8,334"
UTK,2026-09-03 05:44:31,"1,685",826,859
TND,2026-09-03 05:44:31,"17,185","7,242","9,943"
UP,2026-09-03 05:44:31,"19,731","13,101","6,630"
BGL,2026-09-03 05:44:31,"8,032","6,522","1,510"
TPA,2026-09-03 05:44:31,197,0,197
CTG,2026-09-03 11:16:50,"4,396","2,593","1,803"
BHR,2026-09-03 11:16:50,"5,916","1,163","4,753"
AP,2026-09-03 11:16:49,"13,564","8,015","5,549"
ACP,2026-09-03 11:16:49,181,,181
CHG,2026-09-03 11:16:50,321,,321
ASM,2026-09-03 11:16:48,"1,771",542,"1,229"
DNH,2026-09-03 11:16:51,979,,979
DND,2026-09-03 11:16:53,403,,403
DL,2026-09-03 11:16:54,"6,120",709,"5,411"
GOA,2026-09-03 11:16:54,580,,580
KRL,2026-09-03 11:16:54,"3,114",343,"2,771"
GJT,2026-09-03 11:16:54,"26,397","18,212","8,185"
MPD,2026-09-03 11:16:54,"11,002","5,518","5,484"
HP,2026-09-03 11:16:54,"1,425","1,532",-107
HRN,2026-09-03 11:16:54,"12,167","1,894","10,273"
KRT,2026-09-03 11:16:54,"16,840","9,460","7,380"
JHK,2026-09-03 11:16:54,"1,744",409,"1,335"
JAK,2026-09-03 11:16:54,"2,228",661,"1,567"
MHA,2026-09-03 11:16:55,"28,988","16,216","12,772"
PU,2026-09-03 11:16:56,395,,395
RJ,2026-09-03 11:16:57,"16,413","13,501","2,912"
NGD,2026-09-03 11:16:57,120,,120
SKM,2026-09-03 11:16:58,93,,93
PNB,2026-09-03 11:16:58,"15,525","4,595","10,930"
ODI,2026-09-03 11:16:58,"5,435","3,260","2,175"
MIP,2026-09-03 11:16:58,139,,139
TND,2026-09-03 11:16:58,"18,253","14,169","4,084"
MZM,2026-09-03 11:16:58,81,,81
MGA,2026-09-03 11:16:58,245,175,70
TLG,2026-09-03 11:16:58,"16,443","6,372","10,071"
TPA,2026-09-03 11:16:59,247,54,193
UP,2026-09-03 11:16:59,"20,023","11,134","8,889"
UTK,2026-09-03 11:16:59,"1,420",829,591
BGL,2026-09-03 11:16:59,"10,049","5,752","4,297"
DND,2026-09-03 16:42:05,399,,399
CHG,2026-09-03 16:42:04,358,,358
ASM,2026-09-03 16:42:04,"2,045",371,"1,674"
CTG,2026-09-03 16:42:05,"4,447","2,294","2,153"
BHR,2026-09-03 16:42:04,"6,098","1,156","4,942"
AP,2026-09-03 16:42:04,"12,517","7,208","5,309"
ACP,2026-09-03 16:42:04,185,,185
DNH,2026-09-03 16:42:06,"1,008",,"1,008"
GOA,2026-09-03 16:42:06,574,,574
HRN,2026-09-03 16:42:06,"12,706","2,106","10,600"
HP,2026-09-03 16:42:06,"1,434","1,674",-240
DL,2026-09-03 16:42:07,"6,582",711,"5,871"
KRT,2026-09-03 16:42:07,"14,862","8,080","6,782"
JAK,2026-09-03 16:42:07,"2,380",660,"1,720"
MIP,2026-09-03 16:42:08,183,,183
MPD,2026-09-03 16:42:08,"10,741","6,654","4,087"
KRL,2026-09-03 16:42:08,"4,079",844,"3,235"
GJT,2026-09-03 16:42:08,"25,919","17,092","8,827"
MGA,2026-09-03 16:42:08,289,204,85
MZM,2026-09-03 16:42:09,126,,126
MHA,2026-09-03 16:42:09,"28,123","16,216","11,907"
PU,2026-09-03 16:42:10,450,,450
NGD,2026-09-03 16:42:10,166,,166
JHK,2026-09-03 16:42:09,"1,627",409,"1,218"
ODI,2026-09-03 16:42:11,"5,911","3,260","2,651"
TLG,2026-09-03 16:42:11,"15,922","5,125","10,797"
PNB,2026-09-03 16:42:11,"15,529","4,085","11,444"
UTK,2026-09-03 16:42:11,"1,676",810,866
SKM,2026-09-03 16:42:11,92,,92
BGL,2026-09-03 16:42:11,"9,537","5,959","3,578"
TND,2026-09-03 16:42:11,"20,765","12,127","8,638"
TPA,2026-09-03 16:42:11,234,0,234
RJ,2026-09-03 16:42:11,"17,438","11,116","6,322"
UP,2026-09-03 16:42:11,"18,887","12,185","6,702"
BHR,2026-09-03 20:31:24,"7,967","1,271","6,696"
AP,2026-09-03 20:31:24,"10,249","6,707","3,542"
ASM,2026-09-03 20:31:24,"2,612",406,"2,206"
ACP,2026-09-03 20:31:23,193,,193
CTG,2026-09-03 20:31:25,"4,358","2,207","2,151"
DNH,2026-09-03 20:31:26,987,,987
CHG,2026-09-03 20:31:26,335,,335
DL,2026-09-03 20:31:27,"6,286",854,"5,432"
DND,2026-09-03 20:31:26,371,,371
GOA,2026-09-03 20:31:27,619,,619
JHK,2026-09-03 20:31:27,"1,984",409,"1,575"
KRL,2026-09-03 20:31:28,"4,793","1,680","3,113"
HRN,2026-09-03 20:31:28,"12,509","2,831","9,678"
GJT,2026-09-03 20:31:28,"20,600","13,685","6,915"
JAK,2026-09-03 20:31:28,"2,441",660,"1,781"
KRT,2026-09-03 20:31:29,"10,473","7,590","2,883"
MZM,2026-09-03 20:31:29,103,,103
MHA,2026-09-03 20:31:29,"25,353","16,557","8,796"
MIP,2026-09-03 20:31:30,153,,153
MPD,2026-09-03 20:31:30,"10,052","6,574","3,478"
HP,2026-09-03 20:31:30,"1,450","2,011",-561
NGD,2026-09-03 20:31:31,144,,144
MGA,2026-09-03 20:31:31,306,274,32
PNB,2026-09-03 20:31:31,"12,711","3,792","8,919"
SKM,2026-09-03 20:31:32,77,,77
ODI,2026-09-03 20:31:31,"6,211","3,260","2,951"
RJ,2026-09-03 20:31:32,"15,173","8,063","7,110"
PU,2026-09-03 20:31:32,509,,509
TND,2026-09-03 20:31:32,"19,246","9,806","9,440"
UP,2026-09-03 20:31:32,"23,863","12,215","11,648"
BGL,2026-09-03 20:31:33,"10,488","6,283","4,205"
TLG,2026-09-03 20:31:33,"9,681","5,930","3,751"
TPA,2026-09-03 20:31:33,289,0,289
UTK,2026-09-03 20:31:33,"2,062",823,"1,239"
ACP,2026-09-04 00:07:28,157,,157
AP,2026-09-04 00:07:29,"10,319","6,823","3,496"
ASM,2026-09-04 00:07:29,"2,346",353,"1,993"
CTG,2026-09-04 00:07:30,"4,237","2,301","1,936"
DNH,2026-09-04 00:07:30,990,,990
GJT,2026-09-04 00:07:30,"20,131","13,174","6,957"
CHG,2026-09-04 00:07:30,300,,300
DND,2026-09-04 00:07:30,370,,370
BHR,2026-09-04 00:07:30,"7,756","1,046","6,710"
HRN,2026-09-04 00:07:31,"11,553","2,814","8,739"
JHK,2026-09-04 00:07:32,"1,721",409,"1,312"
KRT,2026-09-04 00:07:32,"9,877","6,883","2,994"
MPD,2026-09-04 00:07:32,"9,686","6,718","2,968"
HP,2026-09-04 00:07:32,"1,275","1,797",-522
JAK,2026-09-04 00:07:32,"1,746",661,"1,085"
KRL,2026-09-04 00:07:32,"4,267","1,642","2,625"
GOA,2026-09-04 00:07:32,523,,523
MIP,2026-09-04 00:07:33,102,,102
DL,2026-09-04 00:07:33,"6,557",865,"5,692"
MGA,2026-09-04 00:07:33,244,261,-17
MHA,2026-09-04 00:07:34,"24,571","16,518","8,053"
NGD,2026-09-04 00:07:34,96,,96
RJ,2026-09-04 00:07:34,"15,038","7,869","7,169"
PU,2026-09-04 00:07:35,493,,493
MZM,2026-09-04 00:07:35,55,,55
TPA,2026-09-04 00:07:35,254,0,254
SKM,2026-09-04 00:07:35,40,,40
TLG,2026-09-04 00:07:35,"8,481","5,305","3,176"
ODI,2026-09-04 00:07:35,"6,030","3,260","2,770"
PNB,2026-09-04 00:07:35,"13,032","3,634","9,398"
TND,2026-09-04 00:07:35,"18,694","8,923","9,771"
UP,2026-09-04 00:07:35,"23,597","12,197","11,400"
BGL,2026-09-04 00:07:35,"10,347","6,659","3,688"
UTK,2026-09-04 00:07:35,"1,772",813,959
DND,2026-09-04 03:12:30,364,,364
ASM,2026-09-04 03:12:30,"2,027",345,"1,682"
ACP,2026-09-04 03:12:28,144,,144
BHR,2026-09-04 03:12:28,"7,233",903,"6,330"
CHG,2026-09-04 03:12:30,257,,257
AP,2026-09-04 03:12:28,"10,042","6,583","3,459"
CTG,2026-09-04 03:12:29,"4,122","2,237","1,885"
DNH,2026-09-04 03:12:30,973,,973
DL,2026-09-04 03:12:30,"5,398",766,"4,632"
GOA,2026-09-04 03:12:30,491,,491
GJT,2026-09-04 03:12:31,"18,823","12,398","6,425"
HRN,2026-09-04 03:12:32,"12,374","2,600","9,774"
JAK,2026-09-04 03:12:33,"1,487",655,832
HP,2026-09-04 03:12:33,"1,197","1,715",-518
JHK,2026-09-04 03:12:33,"1,608",409,"1,199"
MIP,2026-09-04 03:12:33,90,,90
MGA,2026-09-04 03:12:33,228,205,23
KRT,2026-09-04 03:12:34,"10,343","6,660","3,683"
MZM,2026-09-04 03:12:34,38,,38
MPD,2026-09-04 03:12:34,"9,025","6,877","2,148"
KRL,2026-09-04 03:12:34,"3,838","1,325","2,513"
NGD,2026-09-04 03:12:34,76,,76
MHA,2026-09-04 03:12:34,"23,949","15,540","8,409"
ODI,2026-09-04 03:12:35,"5,633","3,260","2,373"
TND,2026-09-04 03:12:35,"17,350","7,947","9,403"
PU,2026-09-04 03:12:36,429,,429
BGL,2026-09-04 03:12:36,"9,033","6,362","2,671"
SKM,2026-09-04 03:12:36,25,,25
TLG,2026-09-04 03:12:37,"8,242","5,508","2,734"
PNB,2026-09-04 03:12:37,"12,222","3,698","8,524"
TPA,2026-09-04 03:12:37,223,0,223
RJ,2026-09-04 03:12:37,"15,197","8,235","6,962"
UP,2026-09-04 03:12:37,"20,899","11,708","9,191"
UTK,2026-09-04 03:12:37,"1,640",815,825
CTG,2026-09-04 05:35:02,"4,417","2,284","2,133"
CHG,2026-09-04 05:35:02,192,,192
ASM,2026-09-04 05:35:02,"1,715",357,"1,358"
ACP,2026-09-04 05:35:01,139,,139
AP,2026-09-04 05:35:01,"10,042","6,583","3,459"
BHR,2026-09-04 05:35:02,"6,923",900,"6,023"
DNH,2026-09-04 05:35:03,967,,967
GOA,2026-09-04 05:35:04,492,,492
DL,2026-09-04 05:35:05,"4,981",712,"4,269"
GJT,2026-09-04 05:35:05,"19,070","11,984","7,086"
HRN,2026-09-04 05:35:06,"12,053","2,656","9,397"
JAK,2026-09-04 05:35:07,"1,729",665,"1,064"
HP,2026-09-04 05:35:07,"1,221","1,827",-606
DND,2026-09-04 05:35:07,363,,363
MIP,2026-09-04 05:35:07,134,,134
JHK,2026-09-04 05:35:07,"1,674",409,"1,265"
KRL,2026-09-04 05:35:08,"3,838","1,325","2,513"
KRT,2026-09-04 05:35:08,"10,343","6,660","3,683"
MHA,2026-09-04 05:35:08,"24,733","16,458","8,275"
MGA,2026-09-04 05:35:08,230,182,48
MPD,2026-09-04 05:35:08,"9,167","6,652","2,515"
MZM,2026-09-04 05:35:09,50,,50
NGD,2026-09-04 05:35:09,99,,99
ODI,2026-09-04 05:35:09,"5,637","3,260","2,377"
PNB,2026-09-04 05:35:10,"11,731","3,877","7,854"
PU,2026-09-04 05:35:11,429,,429
SKM,2026-09-04 05:35:11,48,,48
TND,2026-09-04 05:35:12,"17,350","7,947","9,403"
TPA,2026-09-04 05:35:12,194,0,194
RJ,2026-09-04 05:35:12,"14,754","7,603","7,151"
UTK,2026-09-04 05:35:12,"1,622",818,804
BGL,2026-09-04 05:35:12,"8,248","5,746","2,502"
TLG,2026-09-04 05:35:12,"8,242","5,508","2,734"
UP,2026-09-04 05:35:12,"19,000","11,460","7,540"
ACP,2026-09-04 10:00:11,164,,164
BHR,2026-09-04 10:00:13,"6,633",914,"5,719"
AP,2026-09-04 10:00:13,"13,635","8,082","5,553"
CHG,2026-09-04 10:00:14,261,,261
CTG,2026-09-04 10:00:14,"4,699","2,621","2,078"
DND,2026-09-04 10:00:14,395,,395
ASM,2026-09-04 10:00:14,"1,759",326,"1,433"
DNH,2026-09-04 10:00:14,994,,994
DL,2026-09-04 10:00:15,"5,307",711,"4,596"
GOA,2026-09-04 10:00:15,553,,553
GJT,2026-09-04 10:00:16,"24,503","15,915","8,588"
HRN,2026-09-04 10:00:18,"12,273","2,253","10,020"
HP,2026-09-04 10:00:18,"1,595","1,717",-122
JAK,2026-09-04 10:00:19,"2,325",656,"1,669"
MPD,2026-09-04 10:00:19,"11,244","6,199","5,045"
JHK,2026-09-04 10:00:19,"1,875",409,"1,466"
MHA,2026-09-04 10:00:19,"29,152","17,958","11,194"
MIP,2026-09-04 10:00:19,163,,163
MGA,2026-09-04 10:00:19,287,182,105
KRT,2026-09-04 10:00:19,"18,019","9,883","8,136"
MZM,2026-09-04 10:00:20,85,,85
KRL,2026-09-04 10:00:20,"3,152",257,"2,895"
NGD,2026-09-04 10:00:24,116,,116
PNB,2026-09-04 10:00:25,"15,453","4,353","11,100"
ODI,2026-09-04 10:00:25,"5,835","3,260","2,575"
RJ,2026-09-04 10:00:25,"16,958","12,926","4,032"
PU,2026-09-04 10:00:25,416,,416
SKM,2026-09-04 10:00:25,95,,95
TPA,2026-09-04 10:00:26,240,0,240
TND,2026-09-04 10:00:26,"18,404","12,884","5,520"
TLG,2026-09-04 10:00:26,"17,651","6,724","10,927"
UP,2026-09-04 10:00:26,"21,535","11,594","9,941"
UTK,2026-09-04 10:00:28,"1,695",747,948
BGL,2026-09-04 10:00:29,"9,389","5,623","3,766"
DND,2026-09-04 15:07:32,389,,389
ASM,2026-09-04 15:07:30,"2,075",386,"1,689"
CTG,2026-09-04 15:07:31,"4,268","2,619","1,649"
BHR,2026-09-04 15:07:30,"6,770",841,"5,929"
CHG,2026-09-04 15:07:31,261,,261
AP,2026-09-04 15:07:30,"13,542","7,390","6,152"
ACP,2026-09-04 15:07:30,191,,191
DL,2026-09-04 15:07:33,"6,208",713,"5,495"
GJT,2026-09-04 15:07:33,"23,874","17,158","6,716"
GOA,2026-09-04 15:07:33,670,,670
HRN,2026-09-04 15:07:33,"12,355","2,231","10,124"
JAK,2026-09-04 15:07:34,"2,318",660,"1,658"
DNH,2026-09-04 15:07:34,941,,941
KRT,2026-09-04 15:07:35,"16,979","9,493","7,486"
HP,2026-09-04 15:07:35,"1,483","1,618",-135
MHA,2026-09-04 15:07:36,"28,869","17,330","11,539"
KRL,2026-09-04 15:07:36,"3,547",306,"3,241"
MPD,2026-09-04 15:07:36,"9,460","4,604","4,856"
JHK,2026-09-04 15:07:36,"1,652",409,"1,243"
ODI,2026-09-04 15:07:37,"6,119","3,260","2,859"
PU,2026-09-04 15:07:37,435,,435
NGD,2026-09-04 15:07:37,164,,164
RJ,2026-09-04 15:07:37,"15,954","12,193","3,761"
MGA,2026-09-04 15:07:38,269,198,71
MIP,2026-09-04 15:07:38,164,,164
TLG,2026-09-04 15:07:38,"17,251","5,824","11,427"
MZM,2026-09-04 15:07:38,90,,90
PNB,2026-09-04 15:07:39,"15,944","4,339","11,605"
TND,2026-09-04 15:07:39,"19,142","13,055","6,087"
SKM,2026-09-04 15:07:39,77,,77
BGL,2026-09-04 15:07:39,"10,100","5,669","4,431"
UTK,2026-09-04 15:07:39,"1,588",763,825
UP,2026-09-04 15:07:39,"19,903","11,114","8,789"
TPA,2026-09-04 15:07:39,261,0,261
GOA,2026-09-04 19:50:48,649,,649
BHR,2026-09-04 19:50:46,"8,197",864,"7,333"
DNH,2026-09-04 19:50:48,983,,983
DND,2026-09-04 19:50:48,367,,367
CHG,2026-09-04 19:50:46,292,,292
ACP,2026-09-04 19:50:46,209,,209
CTG,2026-09-04 19:50:46,"4,843","2,402","2,441"
ASM,2026-09-04 19:50:45,"2,516",338,"2,178"
AP,2026-09-04 19:50:46,"9,152","6,154","2,998"
HP,2026-09-04 19:50:49,"1,415","2,029",-614
GJT,2026-09-04 19:50:49,"19,383","13,197","6,186"
HRN,2026-09-04 19:50:49,"10,979","2,779","8,200"
JHK,2026-09-04 19:50:50,"1,908",409,"1,499"
JAK,2026-09-04 19:50:50,"2,451",660,"1,791"
DL,2026-09-04 19:50:50,"5,355",723,"4,632"
MGA,2026-09-04 19:50:50,330,283,47
KRL,2026-09-04 19:50:51,"4,771","1,636","3,135"
KRT,2026-09-04 19:50:51,"10,829","7,638","3,191"
MHA,2026-09-04 19:50:52,"26,262","17,746","8,516"
MIP,2026-09-04 19:50:52,168,,168
MPD,2026-09-04 19:50:52,"10,290","6,022","4,268"
PU,2026-09-04 19:50:52,498,,498
ODI,2026-09-04 19:50:53,"6,355","3,260","3,095"
MZM,2026-09-04 19:50:53,112,,112
RJ,2026-09-04 19:50:53,"15,174","8,077","7,097"
PNB,2026-09-04 19:50:53,"11,937","4,171","7,766"
NGD,2026-09-04 19:50:54,155,,155
TLG,2026-09-04 19:50:54,"9,666","5,695","3,971"
SKM,2026-09-04 19:50:54,79,,79
TND,2026-09-04 19:50:54,"18,966","8,450","10,516"
BGL,2026-09-04 19:50:54,"10,597","6,131","4,466"
TPA,2026-09-04 19:50:54,321,0,321
UTK,2026-09-04 19:50:54,"1,943",737,"1,206"
UP,2026-09-04 19:50:55,"22,272","10,672","11,600"
BHR,2026-09-04 23:53:19,"7,842",985,"6,857"
CTG,2026-09-04 23:53:19,"4,744","2,421","2,323"
AP,2026-09-04 23:53:17,"10,120","6,675","3,445"
ACP,2026-09-04 23:53:19,161,,161
ASM,2026-09-04 23:53:17,"2,352",342,"2,010"
DL,2026-09-04 23:53:20,"5,484",722,"4,762"
GOA,2026-09-04 23:53:20,468,,468
GJT,2026-09-04 23:53:21,"18,418","12,221","6,197"
DND,2026-09-04 23:53:22,353,,353
DNH,2026-09-04 23:53:23,974,,974
JHK,2026-09-04 23:53:23,"1,780",409,"1,371"
HP,2026-09-04 23:53:23,"1,242","1,813",-571
HRN,2026-09-04 23:53:23,"10,331","2,990","7,341"
JAK,2026-09-04 23:53:23,"1,778",662,"1,116"
KRL,2026-09-04 23:53:23,"4,480","1,629","2,851"
CHG,2026-09-04 23:53:23,259,,259
KRT,2026-09-04 23:53:24,"10,253","6,517","3,736"
MPD,2026-09-04 23:53:24,"8,994","6,316","2,678"
MHA,2026-09-04 23:53:25,"24,587","16,603","7,984"
MIP,2026-09-04 23:53:25,112,,112
MGA,2026-09-04 23:53:26,239,288,-49
SKM,2026-09-04 23:53:26,35,,35
RJ,2026-09-04 23:53:27,"14,977","7,733","7,244"
PU,2026-09-04 23:53:27,480,,480
PNB,2026-09-04 23:53:27,"12,175","4,196","7,979"
NGD,2026-09-04 23:53:27,98,,98
MZM,2026-09-04 23:53:28,61,,61
ODI,2026-09-04 23:53:28,"6,254","3,260","2,994"
TLG,2026-09-04 23:53:28,"8,606","4,955","3,651"
TND,2026-09-04 23:53:28,"18,463","7,195","11,268"
BGL,2026-09-04 23:53:28,"10,901","5,967","4,934"
TPA,2026-09-04 23:53:29,281,0,281
UP,2026-09-04 23:53:29,"22,440","10,591","11,849"
UTK,2026-09-04 23:53:29,"1,671",832,839
DNH,2026-09-05 02:57:44,956,,956
ASM,2026-09-05 02:57:42,"2,034",341,"1,693"
CTG,2026-09-05 02:57:43,"4,575","2,294","2,281"
BHR,2026-09-05 02:57:43,"7,318",975,"6,343"
CHG,2026-09-05 02:57:44,220,,220
DND,2026-09-05 02:57:44,349,,349
ACP,2026-09-05 02:57:42,137,,137
AP,2026-09-05 02:57:42,"9,930","5,958","3,972"
DL,2026-09-05 02:57:45,"4,886",723,"4,163"
HP,2026-09-05 02:57:45,"1,174","1,718",-544
GOA,2026-09-05 02:57:45,444,,444
HRN,2026-09-05 02:57:45,"10,393","2,542","7,851"
GJT,2026-09-05 02:57:46,"17,675","11,688","5,987"
JAK,2026-09-05 02:57:46,"1,454",661,793
KRL,2026-09-05 02:57:47,"3,648","1,009","2,639"
JHK,2026-09-05 02:57:47,"1,695",409,"1,286"
MPD,2026-09-05 02:57:47,"8,631","6,037","2,594"
MGA,2026-09-05 02:57:47,221,231,-10
MHA,2026-09-05 02:57:48,"24,052","16,885","7,167"
ODI,2026-09-05 02:57:48,"5,803","3,260","2,543"
KRT,2026-09-05 02:57:48,"10,852","6,519","4,333"
MIP,2026-09-05 02:57:49,92,,92
SKM,2026-09-05 02:57:49,28,,28
MZM,2026-09-05 02:57:50,46,,46
NGD,2026-09-05 02:57:49,70,,70
PU,2026-09-05 02:57:50,422,,422
TND,2026-09-05 02:57:50,"16,730","6,896","9,834"
PNB,2026-09-05 02:57:50,"12,480","3,957","8,523"
RJ,2026-09-05 02:57:50,"14,166","7,610","6,556"
TPA,2026-09-05 02:57:51,240,0,240
UP,2026-09-05 02:57:51,"21,573","10,601","10,972"
UTK,2026-09-05 02:57:51,"1,587",831,756
BGL,2026-09-05 02:57:51,"9,480","5,999","3,481"
TLG,2026-09-05 02:57:51,"8,155","5,075","3,080"
ACP,2026-09-05 05:33:50,131,,131
ASM,2026-09-05 05:33:51,"1,698",259,"1,439"
BHR,2026-09-05 05:33:51,"6,843",878,"5,965"
AP,2026-09-05 05:33:50,"10,416","6,042","4,374"
CHG,2026-09-05 05:33:52,209,,209
CTG,2026-09-05 05:33:52,"4,596","2,303","2,293"
DNH,2026-09-05 05:33:52,957,,957
GJT,2026-09-05 05:33:53,"17,940","11,220","6,720"
DL,2026-09-05 05:33:53,"4,604",722,"3,882"
KRT,2026-09-05 05:33:54,"11,662","6,696","4,966"
JHK,2026-09-05 05:33:54,"1,638",409,"1,229"
DND,2026-09-05 05:33:54,343,,343
GOA,2026-09-05 05:33:54,435,,435
HP,2026-09-05 05:33:54,"1,250","1,828",-578
KRL,2026-09-05 05:33:54,"3,628","1,042","2,586"
MPD,2026-09-05 05:33:55,"8,735","6,165","2,570"
HRN,2026-09-05 05:33:55,"10,191","2,191","8,000"
JAK,2026-09-05 05:33:56,"1,841",660,"1,181"
MHA,2026-09-05 05:33:56,"23,938","16,872","7,066"
NGD,2026-09-05 05:33:56,93,,93
MIP,2026-09-05 05:33:57,144,,144
MZM,2026-09-05 05:33:57,52,,52
PU,2026-09-05 05:33:57,408,,408
ODI,2026-09-05 05:33:57,"5,494","3,260","2,234"
PNB,2026-09-05 05:33:58,"11,984","3,825","8,159"
MGA,2026-09-05 05:33:58,235,195,40
SKM,2026-09-05 05:33:58,42,,42
RJ,2026-09-05 05:33:58,"14,391","7,705","6,686"
TLG,2026-09-05 05:33:58,"11,278","5,534","5,744"
TND,2026-09-05 05:33:59,"16,738","6,842","9,896"
UP,2026-09-05 05:33:59,"19,037","10,624","8,413"
UTK,2026-09-05 05:33:59,"1,610",831,779
TPA,2026-09-05 05:33:59,200,0,200
BGL,2026-09-05 05:33:59,"8,489","5,776","2,713"
DL,2026-09-05 09:55:31,"5,034",711,"4,323"
AP,2026-09-05 09:55:29,"13,078","7,639","5,439"
DND,2026-09-05 09:55:30,396,,396
BHR,2026-09-05 09:55:30,"6,470",928,"5,542"
HP,2026-09-05 09:55:32,"1,613","1,503",110
GOA,2026-09-05 09:55:31,550,,550
ACP,2026-09-05 09:55:29,136,,136
DNH,2026-09-05 09:55:31,"1,013",,"1,013"
CTG,2026-09-05 09:55:32,"4,407","2,281","2,126"
CHG,2026-09-05 09:55:32,249,,249
ASM,2026-09-05 09:55:29,"1,716",402,"1,314"
GJT,2026-09-05 09:55:33,"25,682","16,277","9,405"
JHK,2026-09-05 09:55:33,"1,960",409,"1,551"
HRN,2026-09-05 09:55:33,"11,010","1,974","9,036"
KRT,2026-09-05 09:55:34,"17,706","9,848","7,858"
JAK,2026-09-05 09:55:34,"1,984",661,"1,323"
KRL,2026-09-05 09:55:34,"3,137",368,"2,769"
MPD,2026-09-05 09:55:35,"10,697","6,088","4,609"
MGA,2026-09-05 09:55:36,271,174,97
ODI,2026-09-05 09:55:36,"5,956","3,260","2,696"
NGD,2026-09-05 09:55:36,124,,124
MIP,2026-09-05 09:55:36,176,,176
MHA,2026-09-05 09:55:36,"27,977","17,903","10,074"
RJ,2026-09-05 09:55:36,"15,737","10,517","5,220"
PU,2026-09-05 09:55:36,398,,398
PNB,2026-09-05 09:55:36,"15,560","4,121","11,439"
MZM,2026-09-05 09:55:36,91,,91
SKM,2026-09-05 09:55:38,68,,68
BGL,2026-09-05 09:55:38,"9,643","5,670","3,973"
TLG,2026-09-05 09:55:38,"17,614","7,300","10,314"
TND,2026-09-05 09:55:38,"17,358","12,642","4,716"
UP,2026-09-05 09:55:38,"19,216","10,736","8,480"
TPA,2026-09-05 09:55:38,246,0,246
UTK,2026-09-05 09:55:38,"1,719",829,890
DND,2026-09-05 14:33:33,399,,399
DL,2026-09-05 14:33:33,"5,375",516,"4,859"
AP,2026-09-05 14:33:31,"13,553","7,117","6,436"
ASM,2026-09-05 14:33:31,"2,066",338,"1,728"
CHG,2026-09-05 14:33:33,283,,283
BHR,2026-09-05 14:33:32,"6,224",725,"5,499"
ACP,2026-09-05 14:33:32,158,,158
CTG,2026-09-05 14:33:34,"4,473","2,485","1,988"
DNH,2026-09-05 14:33:34,"1,002",,"1,002"
HRN,2026-09-05 14:33:34,"11,755","2,036","9,719"
JAK,2026-09-05 14:33:35,"1,955",662,"1,293"
GOA,2026-09-05 14:33:35,565,,565
HP,2026-09-05 14:33:35,"1,477","1,560",-83
KRT,2026-09-05 14:33:36,"17,318","9,567","7,751"
KRL,2026-09-05 14:33:36,"3,051",258,"2,793"
GJT,2026-09-05 14:33:36,"25,904","17,709","8,195"
MGA,2026-09-05 14:33:37,240,174,66
MHA,2026-09-05 14:33:37,"27,108","17,201","9,907"
JHK,2026-09-05 14:33:37,"1,699",409,"1,290"
MPD,2026-09-05 14:33:37,"8,849","4,860","3,989"
NGD,2026-09-05 14:33:37,155,,155
MZM,2026-09-05 14:33:38,105,,105
MIP,2026-09-05 14:33:38,167,,167
ODI,2026-09-05 14:33:39,"6,473","3,260","3,213"
PU,2026-09-05 14:33:39,448,,448
TLG,2026-09-05 14:33:39,"17,110","6,564","10,546"
TND,2026-09-05 14:33:39,"18,040","13,104","4,936"
PNB,2026-09-05 14:33:40,"15,912","4,182","11,730"
TPA,2026-09-05 14:33:40,257,0,257
SKM,2026-09-05 14:33:40,64,,64
BGL,2026-09-05 14:33:40,"10,278","5,425","4,853"
UP,2026-09-05 14:33:40,"19,465","11,333","8,132"
UTK,2026-09-05 14:33:40,"1,639",809,830
RJ,2026-09-05 14:33:40,"14,662","11,526","3,136"
DNH,2026-09-05 18:12:04,"1,027",,"1,027"
CHG,2026-09-05 18:12:03,283,,283
CTG,2026-09-05 18:12:04,"5,052","2,231","2,821"
AP,2026-09-05 18:12:02,"9,644","5,586","4,058"
BHR,2026-09-05 18:12:03,"7,119",867,"6,252"
ASM,2026-09-05 18:12:03,"2,399",322,"2,077"
ACP,2026-09-05 18:12:03,173,,173
GJT,2026-09-05 18:12:05,"22,584","14,861","7,723"
DL,2026-09-05 18:12:05,"5,220",541,"4,679"
HP,2026-09-05 18:12:05,"1,381","1,845",-464
HRN,2026-09-05 18:12:05,"11,110","2,670","8,440"
DND,2026-09-05 18:12:06,403,,403
JAK,2026-09-05 18:12:06,"2,244",661,"1,583"
JHK,2026-09-05 18:12:06,"1,986",409,"1,577"
GOA,2026-09-05 18:12:06,574,,574
MPD,2026-09-05 18:12:07,"10,366","5,814","4,552"
MHA,2026-09-05 18:12:08,"25,206","17,415","7,791"
MIP,2026-09-05 18:12:08,199,,199
KRT,2026-09-05 18:12:08,"11,436","7,087","4,349"
KRL,2026-09-05 18:12:08,"4,318","1,128","3,190"
PNB,2026-09-05 18:12:08,"12,050","3,859","8,191"
MGA,2026-09-05 18:12:09,345,272,73
PU,2026-09-05 18:12:09,480,,480
MZM,2026-09-05 18:12:09,106,,106
ODI,2026-09-05 18:12:09,"6,230","3,260","2,970"
NGD,2026-09-05 18:12:08,121,,121
SKM,2026-09-05 18:12:09,84,,84
RJ,2026-09-05 18:12:10,"14,297","7,655","6,642"
TLG,2026-09-05 18:12:10,"10,966","6,175","4,791"
UTK,2026-09-05 18:12:10,"1,861",818,"1,043"
TND,2026-09-05 18:12:10,"19,227","8,968","10,259"
BGL,2026-09-05 18:12:10,"10,350","5,805","4,545"
TPA,2026-09-05 18:12:10,318,0,318
UP,2026-09-05 18:12:11,"19,762","10,448","9,314"
CTG,2026-09-05 21:33:35,"4,385","2,186","2,199"
AP,2026-09-05 21:33:33,"10,238","5,965","4,273"
ASM,2026-09-05 21:33:34,"2,567",329,"2,238"
DNH,2026-09-05 21:33:34,997,,997
BHR,2026-09-05 21:33:34,"8,108",863,"7,245"
ACP,2026-09-05 21:33:33,157,,157
CHG,2026-09-05 21:33:34,268,,268
DND,2026-09-05 21:33:36,368,,368
GOA,2026-09-05 21:33:36,562,,562
DL,2026-09-05 21:33:36,"5,005",555,"4,450"
GJT,2026-09-05 21:33:37,"19,296","12,898","6,398"
KRT,2026-09-05 21:33:37,"10,780","7,670","3,110"
MPD,2026-09-05 21:33:38,"9,643","5,504","4,139"
JAK,2026-09-05 21:33:38,"2,250",662,"1,588"
MIP,2026-09-05 21:33:38,158,,158
HP,2026-09-05 21:33:38,"1,367","1,974",-607
JHK,2026-09-05 21:33:39,"1,875",409,"1,466"
MZM,2026-09-05 21:33:39,102,,102
KRL,2026-09-05 21:33:39,"4,844","1,665","3,179"
MHA,2026-09-05 21:33:39,"25,375","17,194","8,181"
HRN,2026-09-05 21:33:40,"11,283","2,700","8,583"
PU,2026-09-05 21:33:40,484,,484
MGA,2026-09-05 21:33:41,308,288,20
SKM,2026-09-05 21:33:41,52,,52
TPA,2026-09-05 21:33:41,309,0,309
NGD,2026-09-05 21:33:41,143,,143
TND,2026-09-05 21:33:41,"19,168","8,248","10,920"
TLG,2026-09-05 21:33:42,"9,717","6,048","3,669"
RJ,2026-09-05 21:33:42,"14,301","7,773","6,528"
ODI,2026-09-05 21:33:42,"6,703","3,260","3,443"
UTK,2026-09-05 21:33:42,"1,858",814,"1,044"
PNB,2026-09-05 21:33:42,"12,837","4,298","8,539"
UP,2026-09-05 21:33:42,"22,421","10,290","12,131"
BGL,2026-09-05 21:33:42,"10,883","5,862","5,021"
BHR,2026-09-05 23:47:03,"7,917",869,"7,048"
CHG,2026-09-05 23:47:03,252,,252
CTG,2026-09-05 23:47:03,"4,256","2,184","2,072"
AP,2026-09-05 23:47:02,"10,008","6,311","3,697"
DNH,2026-09-05 23:47:03,991,,991
ACP,2026-09-05 23:47:03,149,,149
ASM,2026-09-05 23:47:03,"2,417",350,"2,067"
DND,2026-09-05 23:47:05,369,,369
GOA,2026-09-05 23:47:05,515,,515
DL,2026-09-05 23:47:06,"5,009",554,"4,455"
GJT,2026-09-05 23:47:06,"19,958","12,403","7,555"
JHK,2026-09-05 23:47:06,"1,803",409,"1,394"
KRT,2026-09-05 23:47:06,"9,839","7,050","2,789"
KRL,2026-09-05 23:47:07,"4,676","1,659","3,017"
HP,2026-09-05 23:47:07,"1,245","1,971",-726
HRN,2026-09-05 23:47:07,"10,646","2,708","7,938"
JAK,2026-09-05 23:47:08,"1,950",661,"1,289"
MHA,2026-09-05 23:47:08,"24,901","16,771","8,130"
MZM,2026-09-05 23:47:08,64,,64
MIP,2026-09-05 23:47:08,106,,106
MPD,2026-09-05 23:47:08,"9,368","5,511","3,857"
MGA,2026-09-05 23:47:08,251,302,-51
NGD,2026-09-05 23:47:09,106,,106
PU,2026-09-05 23:47:09,476,,476
ODI,2026-09-05 23:47:10,"6,548","3,260","3,288"
SKM,2026-09-05 23:47:10,34,,34
RJ,2026-09-05 23:47:10,"14,178","7,603","6,575"
TPA,2026-09-05 23:47:11,289,0,289
BGL,2026-09-05 23:47:11,"10,974","6,094","4,880"
TLG,2026-09-05 23:47:11,"8,805","5,091","3,714"
PNB,2026-09-05 23:47:11,"12,355","4,360","7,995"
TND,2026-09-05 23:47:11,"18,399","7,394","11,005"
UP,2026-09-05 23:47:11,"22,390","10,576","11,814"
UTK,2026-09-05 23:47:11,"1,701",815,886
AP,2026-09-06 02:43:30,"9,890","6,137","3,753"
ASM,2026-09-06 02:43:30,"2,101",301,"1,800"
ACP,2026-09-06 02:43:30,142,,142
CTG,2026-09-06 02:43:31,"4,544","2,264","2,280"
BHR,2026-09-06 02:43:30,"7,335",867,"6,468"
CHG,2026-09-06 02:43:30,224,,224
DNH,2026-09-06 02:43:31,986,,986
DND,2026-09-06 02:43:32,357,,357
DL,2026-09-06 02:43:32,"4,424",557,"3,867"
HRN,2026-09-06 02:43:32,"10,091","2,343","7,748"
GJT,2026-09-06 02:43:33,"18,667","11,411","7,256"
HP,2026-09-06 02:43:33,"1,166","1,725",-559
GOA,2026-09-06 02:43:33,477,,477
JAK,2026-09-06 02:43:33,"1,610",661,949
KRT,2026-09-06 02:43:34,"9,281","6,123","3,158"
MPD,2026-09-06 02:43:34,"8,950","5,663","3,287"
JHK,2026-09-06 02:43:34,"1,596",409,"1,187"
MGA,2026-09-06 02:43:34,225,184,41
ODI,2026-09-06 02:43:34,"5,957","3,260","2,697"
MIP,2026-09-06 02:43:35,90,,90
MZM,2026-09-06 02:43:35,37,,37
NGD,2026-09-06 02:43:35,91,,91
KRL,2026-09-06 02:43:35,"3,847","1,226","2,621"
MHA,2026-09-06 02:43:35,"23,389","16,027","7,362"
PNB,2026-09-06 02:43:36,"12,393","4,320","8,073"
PU,2026-09-06 02:43:36,408,,408
TND,2026-09-06 02:43:36,"16,674","7,058","9,616"
RJ,2026-09-06 02:43:36,"13,424","8,217","5,207"
UTK,2026-09-06 02:43:37,"1,568",813,755
UP,2026-09-06 02:43:37,"21,616","10,880","10,736"
SKM,2026-09-06 02:43:37,30,,30
BGL,2026-09-06 02:43:37,"9,699","6,153","3,546"
TPA,2026-09-06 02:43:37,252,0,252
TLG,2026-09-06 02:43:37,"8,232","5,077","3,155"
CTG,2026-09-06 05:23:34,"4,614","2,241","2,373"
CHG,2026-09-06 05:23:33,201,,201
DNH,2026-09-06 05:23:34,961,,961
AP,2026-09-06 05:23:33,"10,106","5,875","4,231"
ACP,2026-09-06 05:23:32,143,,143
ASM,2026-09-06 05:23:33,"1,735",298,"1,437"
BHR,2026-09-06 05:23:33,"6,954",864,"6,090"
DL,2026-09-06 05:23:35,"4,047",565,"3,482"
HP,2026-09-06 05:23:35,"1,186","1,800",-614
DND,2026-09-06 05:23:36,351,,351
HRN,2026-09-06 05:23:36,"10,195","2,360","7,835"
GJT,2026-09-06 05:23:36,"18,398","11,333","7,065"
GOA,2026-09-06 05:23:37,459,,459
JAK,2026-09-06 05:23:37,"1,847",660,"1,187"
KRT,2026-09-06 05:23:37,"12,108","7,510","4,598"
JHK,2026-09-06 05:23:37,"1,568",409,"1,159"
MIP,2026-09-06 05:23:37,127,,127
MPD,2026-09-06 05:23:38,"9,024","5,665","3,359"
MZM,2026-09-06 05:23:38,37,,37
KRL,2026-09-06 05:23:39,"3,636",903,"2,733"
MHA,2026-09-06 05:23:39,"23,269","16,155","7,114"
ODI,2026-09-06 05:23:39,"5,634","3,260","2,374"
NGD,2026-09-06 05:23:39,106,,106
MGA,2026-09-06 05:23:40,226,183,43
RJ,2026-09-06 05:23:40,"13,519","6,961","6,558"
PU,2026-09-06 05:23:40,372,,372
SKM,2026-09-06 05:23:40,36,,36
TND,2026-09-06 05:23:41,"16,183","6,675","9,508"
PNB,2026-09-06 05:23:41,"11,632","4,035","7,597"
TLG,2026-09-06 05:23:41,"10,053","5,089","4,964"
UP,2026-09-06 05:23:41,"18,655","10,642","8,013"
TPA,2026-09-06 05:23:41,217,0,217
BGL,2026-09-06 05:23:41,"8,775","6,234","2,541"
UTK,2026-09-06 05:23:41,"1,541",813,728
BHR,2026-09-06 10:06:29,"6,482",871,"5,611"
ASM,2026-09-06 10:06:29,"1,639",374,"1,265"
AP,2026-09-06 10:06:28,"13,242","7,126","6,116"
ACP,2026-09-06 10:06:29,139,,139
CHG,2026-09-06 10:06:31,193,,193
CTG,2026-09-06 10:06:31,"4,863","2,673","2,190"
DL,2026-09-06 10:06:31,"4,488",512,"3,976"
DNH,2026-09-06 10:06:32,979,,979
DND,2026-09-06 10:06:32,340,,340
JAK,2026-09-06 10:06:32,"1,748",656,"1,092"
GOA,2026-09-06 10:06:32,613,,613
JHK,2026-09-06 10:06:33,"1,866",409,"1,457"
HP,2026-09-06 10:06:33,"1,417","1,377",40
GJT,2026-09-06 10:06:33,"25,969","16,538","9,431"
HRN,2026-09-06 10:06:33,"10,196","2,082","8,114"
KRL,2026-09-06 10:06:34,"2,631",220,"2,411"
KRT,2026-09-06 10:06:34,"15,903","10,249","5,654"
MPD,2026-09-06 10:06:35,"10,661","6,036","4,625"
NGD,2026-09-06 10:06:35,122,,122
PNB,2026-09-06 10:06:36,"14,895","3,585","11,310"
MIP,2026-09-06 10:06:35,163,,163
MZM,2026-09-06 10:06:36,74,,74
MGA,2026-09-06 10:06:36,291,171,120
PU,2026-09-06 10:06:36,345,,345
MHA,2026-09-06 10:06:36,"26,485","16,481","10,004"
ODI,2026-09-06 10:06:36,"5,627","3,260","2,367"
RJ,2026-09-06 10:06:36,"13,265","11,602","1,663"
SKM,2026-09-06 10:06:37,57,,57
TPA,2026-09-06 10:06:37,216,0,216
TND,2026-09-06 10:06:37,"14,908","13,709","1,199"
UP,2026-09-06 10:06:37,"18,564","9,835","8,729"
UTK,2026-09-06 10:06:38,"1,640",753,887
BGL,2026-09-06 10:06:38,"8,644","4,481","4,163"
TLG,2026-09-06 10:06:38,"17,165","6,004","11,161"
BHR,2026-09-06 14:55:46,"6,086",706,"5,380"
ASM,2026-09-06 14:55:46,"1,905",420,"1,485"
AP,2026-09-06 14:55:46,"13,504","6,340","7,164"
ACP,2026-09-06 14:55:47,138,,138
CHG,2026-09-06 14:55:46,244,,244
DNH,2026-09-06 14:55:47,926,,926
DL,2026-09-06 14:55:48,"4,663",512,"4,151"
DND,2026-09-06 14:55:48,341,,341
CTG,2026-09-06 14:55:49,"4,235","2,440","1,795"
GOA,2026-09-06 14:55:49,606,,606
HRN,2026-09-06 14:55:49,"10,282","2,058","8,224"
GJT,2026-09-06 14:55:49,"27,189","17,657","9,532"
HP,2026-09-06 14:55:50,"1,063","1,479",-416
MPD,2026-09-06 14:55:50,"9,142","4,382","4,760"
JAK,2026-09-06 14:55:50,"1,884",661,"1,223"
KRT,2026-09-06 14:55:50,"15,232","9,197","6,035"
MIP,2026-09-06 14:55:50,146,,146
MHA,2026-09-06 14:55:51,"26,000","15,826","10,174"
JHK,2026-09-06 14:55:51,"1,739",409,"1,330"
KRL,2026-09-06 14:55:52,"2,927",228,"2,699"
MZM,2026-09-06 14:55:52,87,,87
ODI,2026-09-06 14:55:52,"6,208","3,260","2,948"
MGA,2026-09-06 14:55:53,258,167,91
NGD,2026-09-06 14:55:53,161,,161
SKM,2026-09-06 14:55:53,40,,40
TPA,2026-09-06 14:55:54,207,0,207
RJ,2026-09-06 14:55:54,"13,315","11,377","1,938"
BGL,2026-09-06 14:55:54,"9,974","4,458","5,516"
TLG,2026-09-06 14:55:54,"16,601","5,395","11,206"
PNB,2026-09-06 14:55:54,"15,853","4,004","11,849"
TND,2026-09-06 14:55:54,"15,876","13,132","2,744"
PU,2026-09-06 14:55:54,380,,380
UP,2026-09-06 14:55:54,"17,108","9,915","7,193"
UTK,2026-09-06 14:55:54,"1,307",746,561
CHG,2026-09-06 19:10:53,264,,264
DNH,2026-09-06 19:10:54,964,,964
ACP,2026-09-06 19:10:53,195,,195
ASM,2026-09-06 19:10:53,"2,421",347,"2,074"
AP,2026-09-06 19:10:53,"10,000","6,289","3,711"
BHR,2026-09-06 19:10:53,"8,057",863,"7,194"
CTG,2026-09-06 19:10:54,"5,372","2,461","2,911"
DND,2026-09-06 19:10:55,332,,332
DL,2026-09-06 19:10:55,"4,908",546,"4,362"
GJT,2026-09-06 19:10:56,"21,658","13,752","7,906"
JAK,2026-09-06 19:10:57,"2,220",660,"1,560"
GOA,2026-09-06 19:10:57,603,,603
HRN,2026-09-06 19:10:57,"9,792","2,025","7,767"
HP,2026-09-06 19:10:57,"1,333","1,925",-592
JHK,2026-09-06 19:10:57,"2,150",409,"1,741"
MHA,2026-09-06 19:10:58,"25,685","17,434","8,251"
KRT,2026-09-06 19:10:58,"11,443","8,681","2,762"
MPD,2026-09-06 19:10:59,"10,990","5,758","5,232"
KRL,2026-09-06 19:10:59,"4,460","1,651","2,809"
ODI,2026-09-06 19:10:59,"6,115","3,260","2,855"
MZM,2026-09-06 19:10:59,102,,102
NGD,2026-09-06 19:10:59,159,,159
PNB,2026-09-06 19:10:59,"12,019","4,049","7,970"
RJ,2026-09-06 19:11:00,"14,334","7,306","7,028"
MGA,2026-09-06 19:11:00,314,290,24
SKM,2026-09-06 19:11:01,66,,66
MIP,2026-09-06 19:11:01,169,,169
BGL,2026-09-06 19:11:01,"10,488","5,783","4,705"
PU,2026-09-06 19:11:01,457,,457
UTK,2026-09-06 19:11:01,"1,785",744,"1,041"
TND,2026-09-06 19:11:01,"16,962","7,917","9,045"
TLG,2026-09-06 19:11:02,"9,946","5,288","4,658"
UP,2026-09-06 19:11:02,"21,007","10,976","10,031"
TPA,2026-09-06 19:11:02,319,0,319
CTG,2026-09-06 22:31:31,"5,027","2,512","2,515"
AP,2026-09-06 22:31:30,"10,926","7,264","3,662"
BHR,2026-09-06 22:31:29,"8,077",876,"7,201"
ACP,2026-09-06 22:31:30,146,,146
ASM,2026-09-06 22:31:31,"2,523",351,"2,172"
CHG,2026-09-06 22:31:31,261,,261
GOA,2026-09-06 22:31:33,567,,567
DNH,2026-09-06 22:31:33,951,,951
DL,2026-09-06 22:31:33,"4,936",547,"4,389"
GJT,2026-09-06 22:31:33,"20,657","12,664","7,993"
DND,2026-09-06 22:31:34,327,,327
JAK,2026-09-06 22:31:34,"2,039",661,"1,378"
JHK,2026-09-06 22:31:34,"1,842",409,"1,433"
HRN,2026-09-06 22:31:35,"10,320","2,010","8,310"
MGA,2026-09-06 22:31:36,249,299,-50
NGD,2026-09-06 22:31:36,121,,121
KRT,2026-09-06 22:31:36,"11,327","8,756","2,571"
KRL,2026-09-06 22:31:37,"4,684","1,652","3,032"
MPD,2026-09-06 22:31:35,"9,585","5,848","3,737"
MZM,2026-09-06 22:31:37,76,,76
HP,2026-09-06 22:31:37,"1,219","1,796",-577
MIP,2026-09-06 22:31:37,144,,144
MHA,2026-09-06 22:31:37,"24,387","17,231","7,156"
TLG,2026-09-06 22:31:38,"9,046","5,274","3,772"
ODI,2026-09-06 22:31:39,"6,308","3,260","3,048"
PU,2026-09-06 22:31:40,494,,494
RJ,2026-09-06 22:31:40,"14,353","7,975","6,378"
TPA,2026-09-06 22:31:40,308,0,308
UTK,2026-09-06 22:31:40,"1,558",743,815
UP,2026-09-06 22:31:40,"22,864","10,959","11,905"
PNB,2026-09-06 22:31:40,"12,642","4,526","8,116"
BGL,2026-09-06 22:31:40,"11,246","5,871","5,375"
TND,2026-09-06 22:31:40,"16,583","7,518","9,065"
SKM,2026-09-06 22:31:40,31,,31
AP,2026-09-07 00:39:47,"10,396","6,931","3,465"
CHG,2026-09-07 00:39:47,236,,236
ACP,2026-09-07 00:39:47,133,,133
BHR,2026-09-07 00:39:48,"7,682",865,"6,817"
ASM,2026-09-07 00:39:47,"2,259",292,"1,967"
DL,2026-09-07 00:39:49,"4,700",557,"4,143"
GOA,2026-09-07 00:39:49,530,,530
HRN,2026-09-07 00:39:49,"9,557","1,941","7,616"
CTG,2026-09-07 00:39:50,"5,041","2,359","2,682"
GJT,2026-09-07 00:39:50,"19,776","12,601","7,175"
HP,2026-09-07 00:39:50,"1,131","1,635",-504
DND,2026-09-07 00:39:50,321,,321
DNH,2026-09-07 00:39:50,960,,960
KRL,2026-09-07 00:39:51,"4,152","1,630","2,522"
JAK,2026-09-07 00:39:51,"1,716",661,"1,055"
KRT,2026-09-07 00:39:51,"10,959","7,746","3,213"
JHK,2026-09-07 00:39:51,"1,740",409,"1,331"
MHA,2026-09-07 00:39:52,"24,520","16,592","7,928"
NGD,2026-09-07 00:39:52,101,,101
MPD,2026-09-07 00:39:52,"9,330","6,172","3,158"
MGA,2026-09-07 00:39:52,228,237,-9
MZM,2026-09-07 00:39:53,44,,44
PNB,2026-09-07 00:39:53,"13,192","4,675","8,517"
ODI,2026-09-07 00:39:52,"5,998","3,260","2,738"
MIP,2026-09-07 00:39:53,110,,110
PU,2026-09-07 00:39:53,418,,418
SKM,2026-09-07 00:39:53,23,,23
TND,2026-09-07 00:39:54,"15,361","7,344","8,017"
TPA,2026-09-07 00:39:54,275,0,275
RJ,2026-09-07 00:39:54,"14,761","8,464","6,297"
TLG,2026-09-07 00:39:54,"8,411","4,549","3,862"
UP,2026-09-07 00:39:54,"21,571","10,132","11,439"
UTK,2026-09-07 00:39:55,"1,445",741,704
BGL,2026-09-07 00:39:55,"10,943","6,617","4,326"
CTG,2026-09-07 02:51:42,"4,944","2,392","2,552"
ACP,2026-09-07 02:51:41,118,,118
ASM,2026-09-07 02:51:41,"2,021",294,"1,727"
AP,2026-09-07 02:51:40,"9,863","6,815","3,048"
BHR,2026-09-07 02:51:41,"7,167",865,"6,302"
CHG,2026-09-07 02:51:43,213,,213
HP,2026-09-07 02:51:44,"1,104","1,531",-427
GOA,2026-09-07 02:51:44,493,,493
HRN,2026-09-07 02:51:44,"9,770","2,022","7,748"
GJT,2026-09-07 02:51:44,"19,022","11,514","7,508"
DNH,2026-09-07 02:51:45,944,,944
JAK,2026-09-07 02:51:45,"1,508",661,847
MHA,2026-09-07 02:51:45,"23,977","15,816","8,161"
DL,2026-09-07 02:51:45,"4,279",560,"3,719"
MIP,2026-09-07 02:51:46,98,,98
JHK,2026-09-07 02:51:46,"1,522",409,"1,113"
DND,2026-09-07 02:51:46,317,,317
KRT,2026-09-07 02:51:47,"10,440","6,809","3,631"
KRL,2026-09-07 02:51:47,"3,715","1,462","2,253"
MGA,2026-09-07 02:51:47,232,237,-5
NGD,2026-09-07 02:51:47,94,,94
MPD,2026-09-07 02:51:47,"9,070","6,260","2,810"
MZM,2026-09-07 02:51:48,36,,36
PU,2026-09-07 02:51:48,393,,393
ODI,2026-09-07 02:51:48,"5,633","3,260","2,373"
SKM,2026-09-07 02:51:49,21,,21
TPA,2026-09-07 02:51:49,248,0,248
RJ,2026-09-07 02:51:49,"13,830","8,721","5,109"
TND,2026-09-07 02:51:49,"14,943","6,472","8,471"
PNB,2026-09-07 02:51:49,"14,725","4,770","9,955"
UP,2026-09-07 02:51:50,"19,730","10,469","9,261"
UTK,2026-09-07 02:51:50,"1,384",811,573
TLG,2026-09-07 02:51:50,"8,099","4,464","3,635"
BGL,2026-09-07 02:51:50,"9,927","6,193","3,734"
ASM,2026-09-07 05:23:10,"1,712",298,"1,414"
ACP,2026-09-07 05:23:10,118,,118
BHR,2026-09-07 05:23:10,"6,694",862,"5,832"
AP,2026-09-07 05:23:10,"10,908","6,658","4,250"
CHG,2026-09-07 05:23:11,207,,207
DND,2026-09-07 05:23:12,316,,316
HRN,2026-09-07 05:23:12,"9,974","1,981","7,993"
CTG,2026-09-07 05:23:12,"4,984","2,426","2,558"
GOA,2026-09-07 05:23:12,478,,478
GJT,2026-09-07 05:23:13,"19,132","11,488","7,644"
DL,2026-09-07 05:23:13,"4,147",540,"3,607"
JAK,2026-09-07 05:23:14,"1,870",661,"1,209"
HP,2026-09-07 05:23:14,"1,195","1,591",-396
DNH,2026-09-07 05:23:14,928,,928
KRT,2026-09-07 05:23:15,"12,606","7,599","5,007"
JHK,2026-09-07 05:23:15,"1,680",409,"1,271"
KRL,2026-09-07 05:23:16,"3,640","1,200","2,440"
MHA,2026-09-07 05:23:16,"24,848","15,548","9,300"
MIP,2026-09-07 05:23:16,147,,147
MZM,2026-09-07 05:23:16,44,,44
MPD,2026-09-07 05:23:16,"9,327","6,269","3,058"
MGA,2026-09-07 05:23:16,241,215,26
ODI,2026-09-07 05:23:17,"5,421","3,260","2,161"
PU,2026-09-07 05:23:17,377,,377
TLG,2026-09-07 05:23:17,"9,127","4,498","4,629"
NGD,2026-09-07 05:23:18,109,,109
RJ,2026-09-07 05:23:18,"14,500","8,482","6,018"
BGL,2026-09-07 05:23:18,"9,031","6,225","2,806"
PNB,2026-09-07 05:23:18,"14,479","4,623","9,856"
SKM,2026-09-07 05:23:18,42,,42
TND,2026-09-07 05:23:18,"15,413","6,258","9,155"
TPA,2026-09-07 05:23:18,213,0,213
UTK,2026-09-07 05:23:19,"1,437",811,626
UP,2026-09-07 05:23:19,"18,597","11,304","7,293"
ASM,2026-09-07 10:08:12,"1,653",403,"1,250"
ACP,2026-09-07 10:08:12,142,,142
BHR,2026-09-07 10:08:13,"6,307",989,"5,318"
CHG,2026-09-07 10:08:13,260,,260
AP,2026-09-07 10:08:12,"13,062","7,487","5,575"
DNH,2026-09-07 10:08:14,"1,002",,"1,002"
DND,2026-09-07 10:08:15,392,,392
CTG,2026-09-07 10:08:15,"4,737","2,382","2,355"
GOA,2026-09-07 10:08:15,587,,587
JAK,2026-09-07 10:08:15,"2,230",660,"1,570"
HRN,2026-09-07 10:08:16,"11,226","1,875","9,351"
DL,2026-09-07 10:08:16,"5,027",521,"4,506"
JHK,2026-09-07 10:08:16,"1,866",409,"1,457"
KRT,2026-09-07 10:08:16,"18,578","10,946","7,632"
MPD,2026-09-07 10:08:17,"11,017","6,192","4,825"
HP,2026-09-07 10:08:18,"1,483","1,494",-11
MHA,2026-09-07 10:08:18,"28,775","17,941","10,834"
MGA,2026-09-07 10:08:18,269,174,95
GJT,2026-09-07 10:08:18,"28,343","17,546","10,797"
KRL,2026-09-07 10:08:18,"3,066",211,"2,855"
MIP,2026-09-07 10:08:19,169,,169
ODI,2026-09-07 10:08:19,"5,572","3,260","2,312"
MZM,2026-09-07 10:08:20,73,,73
NGD,2026-09-07 10:08:20,144,,144
PNB,2026-09-07 10:08:20,"15,837","4,825","11,012"
TLG,2026-09-07 10:08:21,"17,738","5,957","11,781"
PU,2026-09-07 10:08:21,396,,396
TND,2026-09-07 10:08:21,"14,076","10,036","4,040"
TPA,2026-09-07 10:08:21,253,0,253
RJ,2026-09-07 10:08:21,"13,317","12,309","1,008"
BGL,2026-09-07 10:08:21,"9,994","5,837","4,157"
UTK,2026-09-07 10:08:21,"1,674",806,868
SKM,2026-09-07 10:08:21,82,,82
UP,2026-09-07 10:08:22,"18,976","11,309","7,667"
ASM,2026-09-07 15:45:49,"2,141",357,"1,784"
AP,2026-09-07 15:45:48,"13,369","6,548","6,821"
CHG,2026-09-07 15:45:49,337,,337
ACP,2026-09-07 15:45:48,154,,154
CTG,2026-09-07 15:45:50,"5,147","2,722","2,425"
BHR,2026-09-07 15:45:50,"6,527",919,"5,608"
DNH,2026-09-07 15:45:51,"1,014",,"1,014"
DL,2026-09-07 15:45:51,"5,990",518,"5,472"
GOA,2026-09-07 15:45:52,595,,595
DND,2026-09-07 15:45:52,397,,397
HP,2026-09-07 15:45:52,"1,505","1,258",247
GJT,2026-09-07 15:45:52,"29,673","17,537","12,136"
HRN,2026-09-07 15:45:52,"12,405","1,940","10,465"
JHK,2026-09-07 15:45:52,"1,721",409,"1,312"
KRL,2026-09-07 15:45:53,"3,759",292,"3,467"
MPD,2026-09-07 15:45:53,"10,197","5,222","4,975"
KRT,2026-09-07 15:45:53,"18,027","10,024","8,003"
MIP,2026-09-07 15:45:54,165,,165
JAK,2026-09-07 15:45:52,"2,300",660,"1,640"
MHA,2026-09-07 15:45:54,"29,323","17,029","12,294"
PU,2026-09-07 15:45:55,451,,451
ODI,2026-09-07 15:45:55,"6,093","3,260","2,833"
RJ,2026-09-07 15:45:55,"15,215","12,637","2,578"
MGA,2026-09-07 15:45:55,282,194,88
MZM,2026-09-07 15:45:56,119,,119
PNB,2026-09-07 15:45:56,"15,884","4,687","11,197"
SKM,2026-09-07 15:45:56,77,,77
TLG,2026-09-07 15:45:57,"16,771","5,629","11,142"
TPA,2026-09-07 15:45:57,288,0,288
TND,2026-09-07 15:45:57,"18,655","13,725","4,930"
NGD,2026-09-07 15:45:57,175,,175
BGL,2026-09-07 15:45:57,"9,848","5,839","4,009"
UTK,2026-09-07 15:45:57,"1,751",978,773
UP,2026-09-07 15:45:57,"19,103","11,230","7,873"
ASM,2026-09-07 21:56:57,"2,603",349,"2,254"
CHG,2026-09-07 21:56:57,304,,304
ACP,2026-09-07 21:56:55,171,,171
DNH,2026-09-07 21:56:57,"1,005",,"1,005"
AP,2026-09-07 21:56:58,"11,423","7,779","3,644"
BHR,2026-09-07 21:56:58,"8,255",816,"7,439"
CTG,2026-09-07 21:56:58,"5,035","2,341","2,694"
DND,2026-09-07 21:56:59,377,,377
DL,2026-09-07 21:57:00,"5,886",550,"5,336"
GOA,2026-09-07 21:57:00,597,,597
HP,2026-09-07 21:57:00,"1,421","1,946",-525
GJT,2026-09-07 21:57:00,"21,179","13,705","7,474"
JAK,2026-09-07 21:57:01,"2,216",612,"1,604"
HRN,2026-09-07 21:57:01,"11,711","2,338","9,373"
JHK,2026-09-07 21:57:01,"2,034",409,"1,625"
KRT,2026-09-07 21:57:02,"11,091","8,558","2,533"
MHA,2026-09-07 21:57:02,"25,485","16,827","8,658"
MPD,2026-09-07 21:57:03,"10,259","5,722","4,537"
KRL,2026-09-07 21:57:03,"4,601","1,644","2,957"
MIP,2026-09-07 21:57:04,141,,141
MGA,2026-09-07 21:57:04,272,299,-27
PU,2026-09-07 21:57:04,550,,550
NGD,2026-09-07 21:57:04,129,,129
MZM,2026-09-07 21:57:05,82,,82
PNB,2026-09-07 21:57:06,"14,148","5,406","8,742"
SKM,2026-09-07 21:57:06,50,,50
TPA,2026-09-07 21:57:06,327,0,327
RJ,2026-09-07 21:57:06,"15,422","8,662","6,760"
TND,2026-09-07 21:57:06,"20,101","9,604","10,497"
ODI,2026-09-07 21:57:06,"6,501","3,260","3,241"
BGL,2026-09-07 21:57:07,"10,866","6,170","4,696"
UP,2026-09-07 21:57:07,"24,714","12,110","12,604"
TLG,2026-09-07 21:57:07,"9,476","5,190","4,286"
UTK,2026-09-07 21:57:07,"2,101",980,"1,121"
ACP,2026-09-08 02:04:01,138,,138
AP,2026-09-08 02:04:01,"10,546","7,262","3,284"
BHR,2026-09-08 02:04:01,"7,464",842,"6,622"
ASM,2026-09-08 02:04:00,"2,097",350,"1,747"
CTG,2026-09-08 02:04:02,"5,143","2,272","2,871"
DND,2026-09-08 02:04:02,367,,367
GOA,2026-09-08 02:04:02,526,,526
CHG,2026-09-08 02:04:03,246,,246
DNH,2026-09-08 02:04:03,998,,998
DL,2026-09-08 02:04:03,"4,927",566,"4,361"
HRN,2026-09-08 02:04:03,"10,640","2,199","8,441"
HP,2026-09-08 02:04:03,"1,153","1,552",-399
GJT,2026-09-08 02:04:04,"20,009","13,088","6,921"
KRT,2026-09-08 02:04:04,"10,866","7,564","3,302"
JHK,2026-09-08 02:04:04,"1,818",409,"1,409"
KRL,2026-09-08 02:04:04,"4,053","1,472","2,581"
JAK,2026-09-08 02:04:05,"1,623",611,"1,012"
MIP,2026-09-08 02:04:05,103,,103
NGD,2026-09-08 02:04:06,102,,102
MPD,2026-09-08 02:04:06,"9,805","6,205","3,600"
PU,2026-09-08 02:04:06,450,,450
MZM,2026-09-08 02:04:06,57,,57
ODI,2026-09-08 02:04:06,"5,838","3,260","2,578"
RJ,2026-09-08 02:04:06,"14,624","8,813","5,811"
MHA,2026-09-08 02:04:06,"23,580","15,527","8,053"
PNB,2026-09-08 02:04:07,"13,287","4,715","8,572"
MGA,2026-09-08 02:04:07,209,239,-30
TPA,2026-09-08 02:04:07,270,0,270
TLG,2026-09-08 02:04:07,"8,794","4,505","4,289"
TND,2026-09-08 02:04:07,"16,789","7,917","8,872"
SKM,2026-09-08 02:04:08,28,,28
BGL,2026-09-08 02:04:08,"9,829","6,260","3,569"
UP,2026-09-08 02:04:08,"23,079","11,650","11,429"
UTK,2026-09-08 02:04:08,"1,835","1,054",781
BHR,2026-09-08 04:59:33,"6,973",872,"6,101"
ASM,2026-09-08 04:59:32,"1,855",354,"1,501"
DNH,2026-09-08 04:59:33,968,,968
GOA,2026-09-08 04:59:33,491,,491
CHG,2026-09-08 04:59:33,223,,223
CTG,2026-09-08 04:59:33,"5,200","2,325","2,875"
AP,2026-09-08 04:59:32,"10,924","6,885","4,039"
ACP,2026-09-08 04:59:32,131,,131
DL,2026-09-08 04:59:34,"4,405",561,"3,844"
DND,2026-09-08 04:59:34,359,,359
GJT,2026-09-08 04:59:34,"19,223","12,328","6,895"
HP,2026-09-08 04:59:35,"1,216","1,672",-456
KRL,2026-09-08 04:59:35,"3,660",829,"2,831"
JHK,2026-09-08 04:59:35,"1,791",409,"1,382"
MHA,2026-09-08 04:59:36,"24,957","15,514","9,443"
KRT,2026-09-08 04:59:36,"11,283","7,418","3,865"
JAK,2026-09-08 04:59:35,"1,665",460,"1,205"
HRN,2026-09-08 04:59:36,"10,933","2,300","8,633"
NGD,2026-09-08 04:59:37,98,,98
MZM,2026-09-08 04:59:37,49,,49
MGA,2026-09-08 04:59:37,221,202,19
MIP,2026-09-08 04:59:37,120,,120
ODI,2026-09-08 04:59:37,"5,638","3,260","2,378"
MPD,2026-09-08 04:59:37,"9,709","6,300","3,409"
PU,2026-09-08 04:59:37,412,,412
PNB,2026-09-08 04:59:37,"13,978","4,699","9,279"
SKM,2026-09-08 04:59:38,31,,31
TND,2026-09-08 04:59:38,"16,637","7,538","9,099"
RJ,2026-09-08 04:59:38,"14,353","8,095","6,258"
UP,2026-09-08 04:59:39,"21,033","11,309","9,724"
UTK,2026-09-08 04:59:39,"1,758","1,054",704
TPA,2026-09-08 04:59:39,231,0,231
BGL,2026-09-08 04:59:39,"9,071","6,060","3,011"
TLG,2026-09-08 04:59:39,"8,821","4,884","3,937"
ASM,2026-09-08 10:03:08,"1,773",419,"1,354"
AP,2026-09-08 10:03:08,"13,387","7,166","6,221"
ACP,2026-09-08 10:03:08,158,,158
CHG,2026-09-08 10:03:09,288,,288
DND,2026-09-08 10:03:09,408,,408
CTG,2026-09-08 10:03:10,"5,153","2,587","2,566"
DNH,2026-09-08 10:03:10,"1,025",,"1,025"
BHR,2026-09-08 10:03:10,"6,742","1,002","5,740"
GOA,2026-09-08 10:03:10,544,,544
GJT,2026-09-08 10:03:11,"28,557","17,808","10,749"
JHK,2026-09-08 10:03:11,"1,891",409,"1,482"
HRN,2026-09-08 10:03:11,"11,551","2,064","9,487"
HP,2026-09-08 10:03:11,"1,407","1,477",-70
DL,2026-09-08 10:03:11,"5,111",289,"4,822"
JAK,2026-09-08 10:03:11,"2,089",611,"1,478"
MPD,2026-09-08 10:03:11,"11,474","5,845","5,629"
KRL,2026-09-08 10:03:12,"3,192",234,"2,958"
KRT,2026-09-08 10:03:12,"18,345","10,300","8,045"
MIP,2026-09-08 10:03:12,167,,167
MHA,2026-09-08 10:03:13,"29,456","17,653","11,803"
MZM,2026-09-08 10:03:13,87,,87
NGD,2026-09-08 10:03:13,132,,132
ODI,2026-09-08 10:03:13,"5,581","3,260","2,321"
PU,2026-09-08 10:03:14,420,,420
SKM,2026-09-08 10:03:14,70,,70
MGA,2026-09-08 10:03:13,260,133,127
PNB,2026-09-08 10:03:14,"16,378","5,042","11,336"
TND,2026-09-08 10:03:15,"17,190","14,798","2,392"
RJ,2026-09-08 10:03:15,"13,760","13,041",719
UP,2026-09-08 10:03:15,"20,442","11,290","9,152"
TLG,2026-09-08 10:03:15,"17,739","6,500","11,239"
UTK,2026-09-08 10:03:15,"1,726","1,053",673
TPA,2026-09-08 10:03:15,273,53,220
BGL,2026-09-08 10:03:15,"9,233","5,705","3,528"
DNH,2026-09-08 15:09:38,"1,007",,"1,007"
CTG,2026-09-08 15:09:38,"5,234","2,747","2,487"
ASM,2026-09-08 15:09:37,"2,256",452,"1,804"
ACP,2026-09-08 15:09:38,179,,179
AP,2026-09-08 15:09:37,"13,235","7,327","5,908"
CHG,2026-09-08 15:09:38,353,,353
DL,2026-09-08 15:09:39,"6,222",516,"5,706"
BHR,2026-09-08 15:09:38,"6,885",765,"6,120"
JHK,2026-09-08 15:09:40,"1,635",409,"1,226"
GOA,2026-09-08 15:09:40,577,,577
DND,2026-09-08 15:09:41,399,,399
GJT,2026-09-08 15:09:41,"29,084","18,328","10,756"
JAK,2026-09-08 15:09:41,"2,265",635,"1,630"
HRN,2026-09-08 15:09:42,"12,927","2,134","10,793"
HP,2026-09-08 15:09:42,"1,628","1,362",266
KRL,2026-09-08 15:09:42,"3,535",271,"3,264"
KRT,2026-09-08 15:09:42,"18,001","9,598","8,403"
MHA,2026-09-08 15:09:42,"29,427","17,526","11,901"
MPD,2026-09-08 15:09:43,"10,569","6,382","4,187"
NGD,2026-09-08 15:09:43,145,,145
MZM,2026-09-08 15:09:43,107,,107
MIP,2026-09-08 15:09:43,167,,167
MGA,2026-09-08 15:09:44,258,174,84
PU,2026-09-08 15:09:44,439,,439
ODI,2026-09-08 15:09:45,"6,318","3,260","3,058"
TPA,2026-09-08 15:09:45,301,54,247
SKM,2026-09-08 15:09:45,46,,46
UP,2026-09-08 15:09:45,"20,727","12,094","8,633"
TND,2026-09-08 15:09:45,"18,386","15,232","3,154"
RJ,2026-09-08 15:09:45,"14,796","12,755","2,041"
BGL,2026-09-08 15:09:45,"9,819","5,290","4,529"
PNB,2026-09-08 15:09:46,"16,253","4,843","11,410"
UTK,2026-09-08 15:09:46,"1,715","1,008",707
TLG,2026-09-08 15:09:46,"17,641","6,007","11,634"
ASM,2026-09-08 20:02:26,"2,741",347,"2,394"
CTG,2026-09-08 20:02:27,"4,976","2,255","2,721"
CHG,2026-09-08 20:02:27,346,,346
ACP,2026-09-08 20:02:25,203,,203
DND,2026-09-08 20:02:26,376,,376
AP,2026-09-08 20:02:27,"10,296","7,442","2,854"
DNH,2026-09-08 20:02:27,989,,989
GJT,2026-09-08 20:02:27,"22,695","14,323","8,372"
BHR,2026-09-08 20:02:27,"8,622",860,"7,762"
JAK,2026-09-08 20:02:29,"2,276",619,"1,657"
GOA,2026-09-08 20:02:29,662,,662
HRN,2026-09-08 20:02:29,"11,921","2,423","9,498"
DL,2026-09-08 20:02:29,"6,211",543,"5,668"
HP,2026-09-08 20:02:30,"1,635","1,975",-340
KRT,2026-09-08 20:02:31,"11,166","8,271","2,895"
MPD,2026-09-08 20:02:31,"11,962","6,162","5,800"
JHK,2026-09-08 20:02:31,"2,270",409,"1,861"
MHA,2026-09-08 20:02:32,"26,923","17,993","8,930"
MIP,2026-09-08 20:02:32,156,,156
KRL,2026-09-08 20:02:32,"4,441","1,657","2,784"
MZM,2026-09-08 20:02:33,111,,111
MGA,2026-09-08 20:02:34,330,294,36
NGD,2026-09-08 20:02:34,156,,156
RJ,2026-09-08 20:02:34,"16,016","8,129","7,887"
ODI,2026-09-08 20:02:34,"6,359","3,260","3,099"
SKM,2026-09-08 20:02:35,78,,78
PU,2026-09-08 20:02:35,515,,515
TLG,2026-09-08 20:02:35,"10,254","6,261","3,993"
PNB,2026-09-08 20:02:36,"13,180","4,786","8,394"
UP,2026-09-08 20:02:36,"24,746","12,315","12,431"
TND,2026-09-08 20:02:36,"19,655","10,228","9,427"
TPA,2026-09-08 20:02:36,337,53,284
BGL,2026-09-08 20:02:36,"10,295","6,361","3,934"
UTK,2026-09-08 20:02:36,"2,339","1,005","1,334"
ASM,2026-09-09 00:09:14,"2,583",354,"2,229"
CTG,2026-09-09 00:09:16,"5,342","2,227","3,115"
CHG,2026-09-09 00:09:15,302,,302
BHR,2026-09-09 00:09:15,"8,051",871,"7,180"
ACP,2026-09-09 00:09:14,147,,147
AP,2026-09-09 00:09:14,"10,567","7,191","3,376"
DND,2026-09-09 00:09:17,371,,371
GOA,2026-09-09 00:09:17,547,,547
HRN,2026-09-09 00:09:17,"11,161","2,494","8,667"
GJT,2026-09-09 00:09:17,"20,949","12,696","8,253"
JAK,2026-09-09 00:09:17,"2,025",641,"1,384"
DNH,2026-09-09 00:09:18,995,,995
MHA,2026-09-09 00:09:18,"25,099","16,948","8,151"
HP,2026-09-09 00:09:19,"1,364","1,646",-282
MIP,2026-09-09 00:09:19,106,,106
MGA,2026-09-09 00:09:19,225,289,-64
DL,2026-09-09 00:09:19,"6,220",558,"5,662"
JHK,2026-09-09 00:09:20,"2,091",409,"1,682"
MZM,2026-09-09 00:09:21,59,,59
NGD,2026-09-09 00:09:21,108,,108
PNB,2026-09-09 00:09:21,"13,382","4,806","8,576"
KRL,2026-09-09 00:09:21,"4,354","1,649","2,705"
ODI,2026-09-09 00:09:21,"6,230","3,260","2,970"
PU,2026-09-09 00:09:21,500,,500
KRT,2026-09-09 00:09:21,"11,286","7,649","3,637"
MPD,2026-09-09 00:09:21,"10,730","6,104","4,626"
RJ,2026-09-09 00:09:21,"16,315","8,554","7,761"
TLG,2026-09-09 00:09:22,"9,131","5,420","3,711"
TPA,2026-09-09 00:09:22,292,56,236
TND,2026-09-09 00:09:23,"18,064","9,382","8,682"
BGL,2026-09-09 00:09:23,"10,227","6,129","4,098"
UTK,2026-09-09 00:09:23,"1,978","1,004",974
UP,2026-09-09 00:09:23,"25,052","12,621","12,431"
SKM,2026-09-09 00:09:23,28,,28
HRN,2026-09-09 03:20:47,"10,885","2,146","8,739"
CTG,2026-09-09 03:20:44,"5,549","2,185","3,364"
ASM,2026-09-09 03:20:44,"2,170",271,"1,899"
CHG,2026-09-09 03:20:45,249,,249
BHR,2026-09-09 03:20:46,"7,443",862,"6,581"
AP,2026-09-09 03:20:43,"10,259","7,002","3,257"
ACP,2026-09-09 03:20:44,134,,134
GOA,2026-09-09 03:20:46,515,,515
DND,2026-09-09 03:20:46,365,,365
GJT,2026-09-09 03:20:46,"19,569","11,697","7,872"
HP,2026-09-09 03:20:47,"1,315","1,515",-200
DNH,2026-09-09 03:20:47,980,,980
JAK,2026-09-09 03:20:48,"1,691",641,"1,050"
DL,2026-09-09 03:20:48,"5,174",555,"4,619"
JHK,2026-09-09 03:20:49,"1,831",409,"1,422"
KRL,2026-09-09 03:20:49,"3,810",920,"2,890"
MHA,2026-09-09 03:20:49,"25,020","16,655","8,365"
MPD,2026-09-09 03:20:49,"10,224","6,316","3,908"
MZM,2026-09-09 03:20:50,45,,45
KRT,2026-09-09 03:20:51,"10,768","7,126","3,642"
ODI,2026-09-09 03:20:51,"5,632","3,260","2,372"
NGD,2026-09-09 03:20:51,87,,87
PU,2026-09-09 03:20:51,419,,419
PNB,2026-09-09 03:20:51,"13,090","4,517","8,573"
MGA,2026-09-09 03:20:51,218,196,22
TND,2026-09-09 03:20:52,"17,315","8,618","8,697"
TLG,2026-09-09 03:20:52,"9,102","5,280","3,822"
SKM,2026-09-09 03:20:52,21,,21
RJ,2026-09-09 03:20:52,"14,914","8,159","6,755"
TPA,2026-09-09 03:20:52,242,55,187
MIP,2026-09-09 03:20:52,92,,92
UTK,2026-09-09 03:20:53,"1,827","1,005",822
UP,2026-09-09 03:20:53,"22,467","12,266","10,201"
BGL,2026-09-09 03:20:53,"9,004","6,272","2,732"
DNH,2026-09-09 05:43:24,976,,976
ASM,2026-09-09 05:43:24,"1,821",277,"1,544"
DND,2026-09-09 05:43:25,360,,360
CHG,2026-09-09 05:43:24,236,,236
AP,2026-09-09 05:43:24,"11,042","6,789","4,253"
ACP,2026-09-09 05:43:22,125,,125
DL,2026-09-09 05:43:25,"4,826",561,"4,265"
CTG,2026-09-09 05:43:25,"5,623","2,321","3,302"
BHR,2026-09-09 05:43:23,"7,140",842,"6,298"
GJT,2026-09-09 05:43:27,"19,800","11,555","8,245"
JAK,2026-09-09 05:43:27,"2,191",642,"1,549"
HRN,2026-09-09 05:43:27,"11,353","2,141","9,212"
KRT,2026-09-09 05:43:27,"11,285","7,323","3,962"
GOA,2026-09-09 05:43:28,515,,515
JHK,2026-09-09 05:43:28,"1,887",409,"1,478"
KRL,2026-09-09 05:43:28,"3,806","1,076","2,730"
HP,2026-09-09 05:43:28,"1,433","1,693",-260
MHA,2026-09-09 05:43:28,"26,298","16,915","9,383"
MPD,2026-09-09 05:43:29,"10,704","6,225","4,479"
MZM,2026-09-09 05:43:30,61,,61
MIP,2026-09-09 05:43:30,151,,151
ODI,2026-09-09 05:43:31,"5,639","3,260","2,379"
SKM,2026-09-09 05:43:31,42,,42
NGD,2026-09-09 05:43:31,144,,144
PNB,2026-09-09 05:43:31,"12,803","4,587","8,216"
PU,2026-09-09 05:43:32,423,,423
RJ,2026-09-09 05:43:32,"15,391","8,224","7,167"
MGA,2026-09-09 05:43:32,261,196,65
TND,2026-09-09 05:43:33,"17,208","8,152","9,056"
TLG,2026-09-09 05:43:33,"11,170","6,298","4,872"
UTK,2026-09-09 05:43:33,"1,932","1,005",927
UP,2026-09-09 05:43:33,"21,054","12,473","8,581"
TPA,2026-09-09 05:43:33,206,55,151
BGL,2026-09-09 05:43:33,"8,178","6,060","2,118"
ACP,2026-09-09 11:28:28,159,,159
AP,2026-09-09 11:28:29,"13,799","7,276","6,523"
BHR,2026-09-09 11:28:29,"6,866",963,"5,903"
ASM,2026-09-09 11:28:29,"1,773",469,"1,304"
CTG,2026-09-09 11:28:29,"5,460","3,071","2,389"
CHG,2026-09-09 11:28:29,328,,328
GOA,2026-09-09 11:28:30,546,,546
DND,2026-09-09 11:28:30,402,,402
DNH,2026-09-09 11:28:30,982,,982
HP,2026-09-09 11:28:31,"1,642","1,416",226
HRN,2026-09-09 11:28:31,"12,104","2,078","10,026"
KRT,2026-09-09 11:28:31,"18,612","9,603","9,009"
MHA,2026-09-09 11:28:32,"29,075","16,501","12,574"
JAK,2026-09-09 11:28:32,"2,424",641,"1,783"
KRL,2026-09-09 11:28:32,"3,073",327,"2,746"
DL,2026-09-09 11:28:32,"5,826",513,"5,313"
MZM,2026-09-09 11:28:32,83,,83
GJT,2026-09-09 11:28:32,"27,349","17,389","9,960"
JHK,2026-09-09 11:28:32,"1,936",409,"1,527"
MPD,2026-09-09 11:28:33,"11,046","6,554","4,492"
MIP,2026-09-09 11:28:34,137,,137
SKM,2026-09-09 11:28:34,56,,56
RJ,2026-09-09 11:28:34,"13,442","14,038",-596
NGD,2026-09-09 11:28:34,119,,119
TLG,2026-09-09 11:28:34,"18,891","7,695","11,196"
MGA,2026-09-09 11:28:35,214,0,214
ODI,2026-09-09 11:28:35,"5,644","3,260","2,384"
TND,2026-09-09 11:28:35,"17,703","15,198","2,505"
UP,2026-09-09 11:28:35,"21,714","11,968","9,746"
PU,2026-09-09 11:28:35,384,,384
PNB,2026-09-09 11:28:35,"16,049","4,804","11,245"
TPA,2026-09-09 11:28:35,271,0,271
UTK,2026-09-09 11:28:36,"1,664","1,004",660
BGL,2026-09-09 11:28:36,"10,297","5,706","4,591"
AP,2026-09-09 16:50:36,"12,514","6,867","5,647"
ASM,2026-09-09 16:50:36,"2,289",336,"1,953"
CTG,2026-09-09 16:50:36,"5,973","2,407","3,566"
ACP,2026-09-09 16:50:36,189,,189
BHR,2026-09-09 16:50:37,"6,550",757,"5,793"
CHG,2026-09-09 16:50:37,380,,380
DND,2026-09-09 16:50:37,406,,406
DL,2026-09-09 16:50:37,"6,477",574,"5,903"
GOA,2026-09-09 16:50:38,606,,606
DNH,2026-09-09 16:50:38,"1,011",,"1,011"
JAK,2026-09-09 16:50:39,"2,489",632,"1,857"
JHK,2026-09-09 16:50:39,"1,734",409,"1,325"
KRL,2026-09-09 16:50:39,"4,294",974,"3,320"
HP,2026-09-09 16:50:39,"1,687","1,622",65
MIP,2026-09-09 16:50:39,193,,193
HRN,2026-09-09 16:50:39,"12,050","2,197","9,853"
GJT,2026-09-09 16:50:40,"28,723","18,925","9,798"
MPD,2026-09-09 16:50:40,"12,015","6,434","5,581"
KRT,2026-09-09 16:50:40,"16,427","8,935","7,492"
MHA,2026-09-09 16:50:40,"29,415","17,973","11,442"
MGA,2026-09-09 16:50:40,270,188,82
TLG,2026-09-09 16:50:41,"17,335","6,805","10,530"
NGD,2026-09-09 16:50:41,169,,169
PNB,2026-09-09 16:50:41,"14,902","4,480","10,422"
MZM,2026-09-09 16:50:42,143,,143
TPA,2026-09-09 16:50:42,266,0,266
ODI,2026-09-09 16:50:42,"5,357","3,260","2,097"
RJ,2026-09-09 16:50:42,"16,181","11,257","4,924"
PU,2026-09-09 16:50:43,455,,455
TND,2026-09-09 16:50:43,"21,797","13,145","8,652"
SKM,2026-09-09 16:50:43,77,,77
UTK,2026-09-09 16:50:43,"2,117",991,"1,126"
UP,2026-09-09 16:50:43,"21,267","12,888","8,379"
BGL,2026-09-09 16:50:43,"10,184","5,786","4,398"
BHR,2026-09-09 22:07:20,"8,348",872,"7,476"
ASM,2026-09-09 22:07:20,"2,743",308,"2,435"
AP,2026-09-09 22:07:19,"10,444","5,882","4,562"
CTG,2026-09-09 22:07:20,"5,089","2,290","2,799"
ACP,2026-09-09 22:07:19,167,,167
CHG,2026-09-09 22:07:21,364,,364
GOA,2026-09-09 22:07:21,559,,559
HRN,2026-09-09 22:07:21,"11,888","2,750","9,138"
DL,2026-09-09 22:07:21,"6,596",807,"5,789"
DNH,2026-09-09 22:07:21,990,,990
HP,2026-09-09 22:07:22,"1,509","1,914",-405
DND,2026-09-09 22:07:22,378,,378
KRT,2026-09-09 22:07:23,"10,859","7,898","2,961"
GJT,2026-09-09 22:07:23,"21,459","12,726","8,733"
MHA,2026-09-09 22:07:24,"26,186","17,418","8,768"
MZM,2026-09-09 22:07:24,99,,99
NGD,2026-09-09 22:07:25,127,,127
MPD,2026-09-09 22:07:25,"11,347","6,124","5,223"
JAK,2026-09-09 22:07:25,"2,350",644,"1,706"
ODI,2026-09-09 22:07:25,"6,035","3,260","2,775"
MIP,2026-09-09 22:07:26,148,,148
MGA,2026-09-09 22:07:26,283,48,235
JHK,2026-09-09 22:07:26,"1,846",409,"1,437"
KRL,2026-09-09 22:07:26,"4,702","1,605","3,097"
PU,2026-09-09 22:07:26,511,,511
PNB,2026-09-09 22:07:26,"12,923","4,595","8,328"
TND,2026-09-09 22:07:27,"20,435","9,652","10,783"
TLG,2026-09-09 22:07:27,"9,508","5,958","3,550"
SKM,2026-09-09 22:07:27,53,,53
RJ,2026-09-09 22:07:27,"16,306","8,581","7,725"
TPA,2026-09-09 22:07:27,324,54,270
UTK,2026-09-09 22:07:28,"2,265",991,"1,274"
BGL,2026-09-09 22:07:28,"10,895","5,762","5,133"
UP,2026-09-09 22:07:28,"24,839","13,065","11,774"
BHR,2026-09-10 01:15:41,"7,825",859,"6,966"
DNH,2026-09-10 01:15:42,987,,987
AP,2026-09-10 01:15:40,"10,786","6,626","4,160"
ACP,2026-09-10 01:15:41,140,,140
CTG,2026-09-10 01:15:41,"5,154","2,223","2,931"
ASM,2026-09-10 01:15:41,"2,502",308,"2,194"
CHG,2026-09-10 01:15:41,303,,303
GOA,2026-09-10 01:15:42,541,,541
DND,2026-09-10 01:15:43,373,,373
JHK,2026-09-10 01:15:43,"1,686",409,"1,277"
HRN,2026-09-10 01:15:43,"11,232","2,441","8,791"
GJT,2026-09-10 01:15:43,"20,216","11,726","8,490"
MHA,2026-09-10 01:15:44,"25,624","16,651","8,973"
DL,2026-09-10 01:15:44,"5,997",820,"5,177"
KRT,2026-09-10 01:15:44,"10,212","7,301","2,911"
JAK,2026-09-10 01:15:44,"1,791",646,"1,145"
KRL,2026-09-10 01:15:45,"4,248","1,511","2,737"
MPD,2026-09-10 01:15:45,"11,143","6,110","5,033"
MIP,2026-09-10 01:15:45,105,,105
HP,2026-09-10 01:15:45,"1,442","1,593",-151
MGA,2026-09-10 01:15:45,230,48,182
NGD,2026-09-10 01:15:46,96,,96
MZM,2026-09-10 01:15:46,61,,61
ODI,2026-09-10 01:15:46,"5,498","3,260","2,238"
RJ,2026-09-10 01:15:47,"15,578","8,710","6,868"
SKM,2026-09-10 01:15:48,36,,36
PU,2026-09-10 01:15:48,420,,420
TPA,2026-09-10 01:15:48,279,54,225
PNB,2026-09-10 01:15:48,"12,543","4,679","7,864"
TLG,2026-09-10 01:15:48,"8,985","5,389","3,596"
UP,2026-09-10 01:15:48,"24,180","12,907","11,273"
TND,2026-09-10 01:15:48,"18,323","8,885","9,438"
UTK,2026-09-10 01:15:48,"1,988",975,"1,013"
BGL,2026-09-10 01:15:49,"9,998","6,365","3,633"
GOA,2026-09-10 04:02:43,505,,505
DND,2026-09-10 04:02:42,363,,363
ASM,2026-09-10 04:02:42,"2,175",308,"1,867"
BHR,2026-09-10 04:02:41,"7,493",866,"6,627"
CTG,2026-09-10 04:02:43,"5,520","2,198","3,322"
DL,2026-09-10 04:02:43,"5,124",712,"4,412"
CHG,2026-09-10 04:02:42,259,,259
DNH,2026-09-10 04:02:43,982,,982
ACP,2026-09-10 04:02:42,115,,115
AP,2026-09-10 04:02:40,"10,338","6,420","3,918"
GJT,2026-09-10 04:02:44,"19,525","11,233","8,292"
HP,2026-09-10 04:02:45,"1,391","1,557",-166
KRT,2026-09-10 04:02:46,"10,010","6,873","3,137"
JHK,2026-09-10 04:02:46,"1,651",409,"1,242"
HRN,2026-09-10 04:02:46,"11,141","2,127","9,014"
JAK,2026-09-10 04:02:46,"1,634",646,988
MHA,2026-09-10 04:02:47,"25,093","16,377","8,716"
MPD,2026-09-10 04:02:47,"10,567","6,270","4,297"
MIP,2026-09-10 04:02:47,102,,102
MGA,2026-09-10 04:02:47,218,48,170
NGD,2026-09-10 04:02:48,88,,88
KRL,2026-09-10 04:02:47,"3,745",936,"2,809"
MZM,2026-09-10 04:02:48,50,,50
ODI,2026-09-10 04:02:49,"5,123","3,260","1,863"
TND,2026-09-10 04:02:49,"17,152","7,854","9,298"
TLG,2026-09-10 04:02:49,"8,784","5,459","3,325"
PU,2026-09-10 04:02:49,391,,391
PNB,2026-09-10 04:02:49,"12,563","4,644","7,919"
SKM,2026-09-10 04:02:50,32,,32
UP,2026-09-10 04:02:50,"22,935","12,871","10,064"
TPA,2026-09-10 04:02:50,253,54,199
UTK,2026-09-10 04:02:50,"1,870",975,895
BGL,2026-09-10 04:02:50,"9,037","5,826","3,211"
RJ,2026-09-10 04:02:50,"14,966","8,539","6,427"
BHR,2026-09-10 06:33:27,"7,036",891,"6,145"
ASM,2026-09-10 06:33:26,"1,810",308,"1,502"
AP,2026-09-10 06:33:26,"10,633","6,581","4,052"
ACP,2026-09-10 06:33:25,144,,144
CHG,2026-09-10 06:33:27,248,,248
DNH,2026-09-10 06:33:28,987,,987
DL,2026-09-10 06:33:28,"4,894",713,"4,181"
CTG,2026-09-10 06:33:28,"5,757","2,239","3,518"
GOA,2026-09-10 06:33:28,538,,538
DND,2026-09-10 06:33:29,361,,361
HP,2026-09-10 06:33:30,"1,730","1,651",79
KRL,2026-09-10 06:33:30,"4,091","1,376","2,715"
HRN,2026-09-10 06:33:30,"11,100","2,120","8,980"
GJT,2026-09-10 06:33:30,"20,110","11,157","8,953"
JAK,2026-09-10 06:33:31,"2,337",646,"1,691"
MHA,2026-09-10 06:33:31,"26,202","17,340","8,862"
MIP,2026-09-10 06:33:32,153,,153
KRT,2026-09-10 06:33:32,"12,482","7,385","5,097"
MGA,2026-09-10 06:33:33,305,48,257
MZM,2026-09-10 06:33:33,78,,78
JHK,2026-09-10 06:33:33,"1,863",409,"1,454"
NGD,2026-09-10 06:33:33,162,,162
MPD,2026-09-10 06:33:34,"12,052","6,403","5,649"
SKM,2026-09-10 06:33:34,72,,72
ODI,2026-09-10 06:33:34,"4,942","3,260","1,682"
RJ,2026-09-10 06:33:34,"15,480","8,785","6,695"
PU,2026-09-10 06:33:35,411,,411
TND,2026-09-10 06:33:35,"17,896","7,737","10,159"
PNB,2026-09-10 06:33:36,"12,332","4,548","7,784"
UP,2026-09-10 06:33:36,"20,902","12,409","8,493"
TPA,2026-09-10 06:33:36,234,57,177
BGL,2026-09-10 06:33:36,"8,048","5,763","2,285"
UTK,2026-09-10 06:33:36,"2,067",976,"1,091"
TLG,2026-09-10 06:33:36,"10,964","7,011","3,953"
AP,2026-09-10 11:27:40,"13,811","7,504","6,307"
ASM,2026-09-10 11:27:41,"1,995",308,"1,687"
ACP,2026-09-10 11:27:41,157,,157
CTG,2026-09-10 11:27:42,"5,548","2,878","2,670"
DNH,2026-09-10 11:27:43,"1,009",,"1,009"
BHR,2026-09-10 11:27:43,"6,838","1,008","5,830"
GJT,2026-09-10 11:27:44,"27,481","17,523","9,958"
DND,2026-09-10 11:27:44,409,,409
CHG,2026-09-10 11:27:44,334,,334
GOA,2026-09-10 11:27:44,650,,650
DL,2026-09-10 11:27:45,"5,989",716,"5,273"
JHK,2026-09-10 11:27:45,"1,828",409,"1,419"
HP,2026-09-10 11:27:45,"1,700","1,428",272
JAK,2026-09-10 11:27:45,"2,478",661,"1,817"
HRN,2026-09-10 11:27:46,"12,800","2,164","10,636"
MPD,2026-09-10 11:27:46,"11,688","6,655","5,033"
KRL,2026-09-10 11:27:47,"3,116",259,"2,857"
MHA,2026-09-10 11:27:47,"29,355","17,205","12,150"
KRT,2026-09-10 11:27:47,"18,932","10,043","8,889"
NGD,2026-09-10 11:27:47,118,,118
PU,2026-09-10 11:27:47,390,,390
MGA,2026-09-10 11:27:47,248,48,200
MIP,2026-09-10 11:27:48,154,,154
TPA,2026-09-10 11:27:49,276,51,225
UP,2026-09-10 11:27:49,"23,028","13,475","9,553"
PNB,2026-09-10 11:27:49,"16,345","4,516","11,829"
MZM,2026-09-10 11:27:49,78,,78
ODI,2026-09-10 11:27:49,"5,116","3,260","1,856"
UTK,2026-09-10 11:27:49,"1,605",987,618
SKM,2026-09-10 11:27:50,56,,56
TND,2026-09-10 11:27:50,"16,914","13,321","3,593"
RJ,2026-09-10 11:27:50,"13,728","14,235",-507
TLG,2026-09-10 11:27:50,"18,830","7,768","11,062"
BGL,2026-09-10 11:27:50,"10,419","5,427","4,992"
GOA,2026-09-10 16:47:17,652,,652
AP,2026-09-10 16:47:16,"12,200","7,066","5,134"
CHG,2026-09-10 16:47:16,377,,377
BHR,2026-09-10 16:47:17,"6,654",886,"5,768"
CTG,2026-09-10 16:47:16,"5,114","1,959","3,155"
ACP,2026-09-10 16:47:15,155,,155
ASM,2026-09-10 16:47:16,"2,311",334,"1,977"
DND,2026-09-10 16:47:17,419,,419
DNH,2026-09-10 16:47:18,"1,025",,"1,025"
GJT,2026-09-10 16:47:18,"28,723","16,250","12,473"
HRN,2026-09-10 16:47:18,"11,651","2,240","9,411"
JAK,2026-09-10 16:47:19,"2,542",661,"1,881"
KRL,2026-09-10 16:47:19,"4,308","1,356","2,952"
DL,2026-09-10 16:47:19,"6,806",843,"5,963"
MGA,2026-09-10 16:47:20,212,0,212
MPD,2026-09-10 16:47:19,"11,928","6,352","5,576"
HP,2026-09-10 16:47:20,"1,696","1,402",294
KRT,2026-09-10 16:47:20,"15,312","8,229","7,083"
MHA,2026-09-10 16:47:20,"29,376","18,401","10,975"
JHK,2026-09-10 16:47:20,"1,714",409,"1,305"
MIP,2026-09-10 16:47:20,197,,197
MZM,2026-09-10 16:47:21,138,,138
RJ,2026-09-10 16:47:22,"16,857","11,563","5,294"
PU,2026-09-10 16:47:22,453,,453
PNB,2026-09-10 16:47:22,"12,632","3,641","8,991"
NGD,2026-09-10 16:47:22,154,,154
ODI,2026-09-10 16:47:22,"5,123","3,260","1,863"
SKM,2026-09-10 16:47:22,66,,66
TPA,2026-09-10 16:47:23,232,0,232
UP,2026-09-10 16:47:23,"21,531","13,153","8,378"
TLG,2026-09-10 16:47:23,"16,504","6,927","9,577"
UTK,2026-09-10 16:47:23,"2,039",898,"1,141"
TND,2026-09-10 16:47:23,"20,376","12,142","8,234"
BGL,2026-09-10 16:47:23,"9,678","5,736","3,942"
ASM,2026-09-10 21:53:12,"2,799",407,"2,392"
CHG,2026-09-10 21:53:12,369,,369
AP,2026-09-10 21:53:12,"10,427","6,475","3,952"
ACP,2026-09-10 21:53:12,151,,151
BHR,2026-09-10 21:53:12,"7,387",676,"6,711"
CTG,2026-09-10 21:53:14,"5,047","2,331","2,716"
GOA,2026-09-10 21:53:14,618,,618
DL,2026-09-10 21:53:15,"6,778",897,"5,881"
DNH,2026-09-10 21:53:15,995,,995
DND,2026-09-10 21:53:15,376,,376
HRN,2026-09-10 21:53:16,"11,719","2,864","8,855"
KRT,2026-09-10 21:53:16,"11,640","8,417","3,223"
GJT,2026-09-10 21:53:17,"21,731","12,222","9,509"
JAK,2026-09-10 21:53:17,"2,339",661,"1,678"
JHK,2026-09-10 21:53:17,"1,758",409,"1,349"
HP,2026-09-10 21:53:17,"1,610","1,908",-298
MHA,2026-09-10 21:53:18,"26,811","17,701","9,110"
MPD,2026-09-10 21:53:18,"11,061","6,342","4,719"
KRL,2026-09-10 21:53:18,"4,726","1,671","3,055"
MGA,2026-09-10 21:53:19,266,0,266
NGD,2026-09-10 21:53:19,165,,165
ODI,2026-09-10 21:53:20,"5,074","3,260","1,814"
MZM,2026-09-10 21:53:21,111,,111
MIP,2026-09-10 21:53:21,161,,161
PU,2026-09-10 21:53:21,510,,510
RJ,2026-09-10 21:53:21,"15,711","8,473","7,238"
TLG,2026-09-10 21:53:22,"9,528","6,112","3,416"
TND,2026-09-10 21:53:22,"19,769","9,849","9,920"
SKM,2026-09-10 21:53:22,56,,56
TPA,2026-09-10 21:53:22,315,0,315
UP,2026-09-10 21:53:22,"24,931","13,095","11,836"
PNB,2026-09-10 21:53:23,"12,207","3,919","8,288"
BGL,2026-09-10 21:53:23,"10,420","5,978","4,442"
UTK,2026-09-10 21:53:23,"2,222",975,"1,247"
DNH,2026-09-11 01:11:04,982,,982
AP,2026-09-11 01:11:03,"10,720","6,648","4,072"
BHR,2026-09-11 01:11:04,"5,767",668,"5,099"
ACP,2026-09-11 01:11:03,125,,125
ASM,2026-09-11 01:11:03,"2,530",403,"2,127"
CHG,2026-09-11 01:11:04,306,,306
CTG,2026-09-11 01:11:04,"5,186","2,440","2,746"
DND,2026-09-11 01:11:05,373,,373
DL,2026-09-11 01:11:06,"6,234","1,069","5,165"
GJT,2026-09-11 01:11:06,"21,010","11,167","9,843"
GOA,2026-09-11 01:11:06,559,,559
HP,2026-09-11 01:11:07,"1,438","1,577",-139
HRN,2026-09-11 01:11:07,"11,347","2,381","8,966"
JHK,2026-09-11 01:11:07,"1,650",409,"1,241"
MPD,2026-09-11 01:11:08,"10,966","6,040","4,926"
MIP,2026-09-11 01:11:08,106,,106
KRL,2026-09-11 01:11:08,"4,401","1,642","2,759"
KRT,2026-09-11 01:11:08,"11,386","7,999","3,387"
MHA,2026-09-11 01:11:08,"26,032","17,943","8,089"
JAK,2026-09-11 01:11:08,"1,888",662,"1,226"
MZM,2026-09-11 01:11:08,65,,65
MGA,2026-09-11 01:11:08,207,0,207
NGD,2026-09-11 01:11:10,113,,113
PU,2026-09-11 01:11:10,436,,436
TND,2026-09-11 01:11:11,"17,558","9,100","8,458"
ODI,2026-09-11 01:11:11,"4,919","3,260","1,659"
TLG,2026-09-11 01:11:11,"9,018","5,576","3,442"
RJ,2026-09-11 01:11:11,"15,242","8,313","6,929"
PNB,2026-09-11 01:11:11,"11,044","3,652","7,392"
SKM,2026-09-11 01:11:11,30,,30
UP,2026-09-11 01:11:12,"23,816","12,464","11,352"
UTK,2026-09-11 01:11:12,"1,981",974,"1,007"
TPA,2026-09-11 01:11:12,277,0,277
BGL,2026-09-11 01:11:12,"9,676","6,179","3,497"
CHG,2026-09-11 04:04:53,268,,268
ASM,2026-09-11 04:04:52,"2,185",359,"1,826"
ACP,2026-09-11 04:04:53,125,,125
DL,2026-09-11 04:04:53,"5,321",979,"4,342"
DNH,2026-09-11 04:04:53,978,,978
AP,2026-09-11 04:04:52,"10,354","6,671","3,683"
CTG,2026-09-11 04:04:53,"5,121","2,440","2,681"
BHR,2026-09-11 04:04:53,"5,551",878,"4,673"
GJT,2026-09-11 04:04:54,"19,858","10,184","9,674"
HRN,2026-09-11 04:04:55,"10,961","2,166","8,795"
HP,2026-09-11 04:04:55,"1,377","1,500",-123
GOA,2026-09-11 04:04:55,524,,524
MHA,2026-09-11 04:04:56,"25,429","17,692","7,737"
JAK,2026-09-11 04:04:56,"1,752",661,"1,091"
MIP,2026-09-11 04:04:56,87,,87
KRL,2026-09-11 04:04:56,"3,785",976,"2,809"
DND,2026-09-11 04:04:56,360,,360
KRT,2026-09-11 04:04:56,"11,425","7,592","3,833"
ODI,2026-09-11 04:04:57,"4,896","3,260","1,636"
JHK,2026-09-11 04:04:57,"1,510",409,"1,101"
MPD,2026-09-11 04:04:56,"10,477","6,442","4,035"
MZM,2026-09-11 04:04:56,55,,55
RJ,2026-09-11 04:04:58,"14,748","8,398","6,350"
MGA,2026-09-11 04:04:58,202,0,202
NGD,2026-09-11 04:04:58,105,,105
PNB,2026-09-11 04:04:58,"11,827","3,750","8,077"
PU,2026-09-11 04:04:59,404,,404
TPA,2026-09-11 04:04:59,250,0,250
SKM,2026-09-11 04:04:59,29,,29
TND,2026-09-11 04:04:59,"16,969","7,792","9,177"
BGL,2026-09-11 04:04:59,"8,982","6,075","2,907"
UP,2026-09-11 04:04:59,"22,310","12,831","9,479"
UTK,2026-09-11 04:04:59,"1,853",998,855
TLG,2026-09-11 04:04:59,"8,647","5,323","3,324"
AP,2026-09-11 06:34:06,"11,400","7,074","4,326"
ACP,2026-09-11 06:34:05,120,,120
BHR,2026-09-11 06:34:06,"5,709",910,"4,799"
DNH,2026-09-11 06:34:07,969,,969
CTG,2026-09-11 06:34:07,"5,451","2,440","3,011"
DND,2026-09-11 06:34:07,360,,360
ASM,2026-09-11 06:34:06,"1,775",387,"1,388"
CHG,2026-09-11 06:34:06,254,,254
HP,2026-09-11 06:34:08,"1,678","1,632",46
GJT,2026-09-11 06:34:08,"20,216","10,324","9,892"
JAK,2026-09-11 06:34:09,"2,254",658,"1,596"
DL,2026-09-11 06:34:09,"4,948",978,"3,970"
JHK,2026-09-11 06:34:09,"1,861",409,"1,452"
HRN,2026-09-11 06:34:10,"10,956","2,200","8,756"
GOA,2026-09-11 06:34:10,533,,533
KRL,2026-09-11 06:34:10,"4,066","1,423","2,643"
MHA,2026-09-11 06:34:10,"26,330","18,870","7,460"
MPD,2026-09-11 06:34:10,"11,816","6,642","5,174"
KRT,2026-09-11 06:34:10,"12,625","8,135","4,490"
MIP,2026-09-11 06:34:11,118,,118
MGA,2026-09-11 06:34:11,273,0,273
NGD,2026-09-11 06:34:12,122,,122
SKM,2026-09-11 06:34:13,68,,68
PU,2026-09-11 06:34:13,426,,426
ODI,2026-09-11 06:34:13,"4,841","3,260","1,581"
PNB,2026-09-11 06:34:13,"11,086","4,008","7,078"
RJ,2026-09-11 06:34:13,"14,711","8,209","6,502"
TLG,2026-09-11 06:34:13,"12,672","6,606","6,066"
TPA,2026-09-11 06:34:13,226,0,226
UP,2026-09-11 06:34:14,"20,602","12,846","7,756"
MZM,2026-09-11 06:34:14,92,,92
TND,2026-09-11 06:34:14,"17,633","7,603","10,030"
UTK,2026-09-11 06:34:14,"2,040","1,002","1,038"
BGL,2026-09-11 06:34:15,"7,900","5,740","2,160"
AP,2026-09-11 11:27:54,"13,977","7,385","6,592"
ACP,2026-09-11 11:27:54,138,,138
CHG,2026-09-11 11:27:55,346,,346
BHR,2026-09-11 11:27:55,"6,098",862,"5,236"
ASM,2026-09-11 11:27:55,"2,008",444,"1,564"
CTG,2026-09-11 11:27:56,"4,785","2,577","2,208"
DNH,2026-09-11 11:27:56,972,,972
DND,2026-09-11 11:27:56,403,,403
GJT,2026-09-11 11:27:56,"27,153","17,377","9,776"
HRN,2026-09-11 11:27:57,"13,688","2,265","11,423"
JAK,2026-09-11 11:27:57,"2,524",662,"1,862"
GOA,2026-09-11 11:27:57,584,,584
KRT,2026-09-11 11:27:58,"20,083","10,904","9,179"
DL,2026-09-11 11:27:58,"6,220",981,"5,239"
JHK,2026-09-11 11:27:58,"1,638",409,"1,229"
HP,2026-09-11 11:27:58,"1,792","1,302",490
MIP,2026-09-11 11:27:58,144,,144
MHA,2026-09-11 11:27:58,"28,935","17,956","10,979"
MPD,2026-09-11 11:27:59,"11,833","6,749","5,084"
KRL,2026-09-11 11:27:59,"3,220",295,"2,925"
PU,2026-09-11 11:27:59,391,,391
MGA,2026-09-11 11:27:59,234,0,234
MZM,2026-09-11 11:27:59,89,,89
ODI,2026-09-11 11:27:59,"5,102","3,260","1,842"
PNB,2026-09-11 11:28:00,"16,162","4,490","11,672"
RJ,2026-09-11 11:28:00,"13,935","14,076",-141
SKM,2026-09-11 11:28:01,72,,72
UP,2026-09-11 11:28:01,"21,703","12,806","8,897"
TLG,2026-09-11 11:28:01,"18,887","7,100","11,787"
NGD,2026-09-11 11:28:01,145,,145
TND,2026-09-11 11:28:01,"17,411","13,606","3,805"
UTK,2026-09-11 11:28:01,"1,758",877,881
TPA,2026-09-11 11:28:02,260,0,260
BGL,2026-09-11 11:28:02,"9,883","5,458","4,425"
CTG,2026-09-11 16:48:40,"4,848","2,273","2,575"
CHG,2026-09-11 16:48:39,387,,387
BHR,2026-09-11 16:48:39,"6,366",761,"5,605"
ASM,2026-09-11 16:48:38,"1,945",335,"1,610"
DND,2026-09-11 16:48:41,420,,420
AP,2026-09-11 16:48:41,"12,329","6,688","5,641"
ACP,2026-09-11 16:48:41,148,,148
DL,2026-09-11 16:48:40,"6,107",983,"5,124"
GOA,2026-09-11 16:48:41,612,,612
HP,2026-09-11 16:48:41,"1,706","1,577",129
HRN,2026-09-11 16:48:42,"11,631","2,278","9,353"
DNH,2026-09-11 16:48:42,989,,989
GJT,2026-09-11 16:48:42,"26,283","16,276","10,007"
KRL,2026-09-11 16:48:42,"4,332","1,404","2,928"
JHK,2026-09-11 16:48:43,"1,486",409,"1,077"
MIP,2026-09-11 16:48:43,190,,190
MPD,2026-09-11 16:48:43,"11,299","6,359","4,940"
JAK,2026-09-11 16:48:43,"2,544",626,"1,918"
KRT,2026-09-11 16:48:43,"15,959","9,066","6,893"
MGA,2026-09-11 16:48:44,270,0,270
MZM,2026-09-11 16:48:44,131,,131
MHA,2026-09-11 16:48:45,"29,085","19,380","9,705"
NGD,2026-09-11 16:48:45,190,,190
PNB,2026-09-11 16:48:45,"13,500","4,449","9,051"
ODI,2026-09-11 16:48:45,"4,909","3,260","1,649"
PU,2026-09-11 16:48:45,464,,464
TPA,2026-09-11 16:48:46,277,0,277
TLG,2026-09-11 16:48:46,"15,942","6,934","9,008"
UTK,2026-09-11 16:48:46,"2,142",855,"1,287"
RJ,2026-09-11 16:48:46,"15,867","11,328","4,539"
SKM,2026-09-11 16:48:46,81,,81
TND,2026-09-11 16:48:46,"19,703","10,947","8,756"
BGL,2026-09-11 16:48:46,"9,537","5,101","4,436"
UP,2026-09-11 16:48:46,"20,312","11,839","8,473"
ASM,2026-09-11 21:57:10,"2,631",401,"2,230"
AP,2026-09-11 21:57:09,"11,131","6,196","4,935"
CHG,2026-09-11 21:57:11,325,,325
ACP,2026-09-11 21:57:10,167,,167
BHR,2026-09-11 21:57:11,"7,939",873,"7,066"
DL,2026-09-11 21:57:12,"6,113",980,"5,133"
DNH,2026-09-11 21:57:12,992,,992
HP,2026-09-11 21:57:13,"1,458","1,922",-464
JAK,2026-09-11 21:57:13,"2,119",625,"1,494"
CTG,2026-09-11 21:57:13,"4,594","2,350","2,244"
DND,2026-09-11 21:57:13,382,,382
KRL,2026-09-11 21:57:14,"4,660","1,634","3,026"
GJT,2026-09-11 21:57:14,"21,567","12,888","8,679"
HRN,2026-09-11 21:57:14,"11,706","2,925","8,781"
KRT,2026-09-11 21:57:15,"11,373","8,355","3,018"
JHK,2026-09-11 21:57:15,"1,889",409,"1,480"
GOA,2026-09-11 21:57:15,593,,593
MGA,2026-09-11 21:57:15,265,0,265
MHA,2026-09-11 21:57:16,"26,245","17,622","8,623"
MPD,2026-09-11 21:57:15,"10,584","6,103","4,481"
ODI,2026-09-11 21:57:16,"5,140","3,260","1,880"
MIP,2026-09-11 21:57:17,147,,147
PNB,2026-09-11 21:57:17,"12,232","4,476","7,756"
NGD,2026-09-11 21:57:17,144,,144
SKM,2026-09-11 21:57:17,49,,49
MZM,2026-09-11 21:57:17,105,,105
TLG,2026-09-11 21:57:18,"9,500","5,881","3,619"
UTK,2026-09-11 21:57:18,"2,235","1,007","1,228"
PU,2026-09-11 21:57:18,508,,508
RJ,2026-09-11 21:57:18,"15,939","8,312","7,627"
TND,2026-09-11 21:57:19,"20,330","8,633","11,697"
UP,2026-09-11 21:57:19,"23,628","12,175","11,453"
TPA,2026-09-11 21:57:19,330,0,330
BGL,2026-09-11 21:57:19,"10,132","5,295","4,837"
AP,2026-09-12 01:12:04,"10,453","6,920","3,533"
ACP,2026-09-12 01:12:03,101,,101
DNH,2026-09-12 01:12:04,988,,988
CTG,2026-09-12 01:12:04,"4,817","2,298","2,519"
ASM,2026-09-12 01:12:04,"2,155",358,"1,797"
BHR,2026-09-12 01:12:05,"7,414",876,"6,538"
DND,2026-09-12 01:12:05,375,,375
GOA,2026-09-12 01:12:06,561,,561
CHG,2026-09-12 01:12:06,294,,294
HRN,2026-09-12 01:12:06,"10,729","2,443","8,286"
DL,2026-09-12 01:12:06,"5,650",980,"4,670"
GJT,2026-09-12 01:12:07,"20,521","13,122","7,399"
JAK,2026-09-12 01:12:07,"1,688",627,"1,061"
HP,2026-09-12 01:12:07,"1,325","1,547",-222
JHK,2026-09-12 01:12:07,"1,734",409,"1,325"
KRT,2026-09-12 01:12:07,"11,560","8,300","3,260"
KRL,2026-09-12 01:12:07,"4,394","1,584","2,810"
MPD,2026-09-12 01:12:08,"10,395","5,231","5,164"
MIP,2026-09-12 01:12:08,98,,98
MZM,2026-09-12 01:12:09,70,,70
MGA,2026-09-12 01:12:09,199,0,199
MHA,2026-09-12 01:12:09,"24,727","16,638","8,089"
PU,2026-09-12 01:12:10,457,,457
RJ,2026-09-12 01:12:10,"15,632","8,524","7,108"
ODI,2026-09-12 01:12:10,"5,045","3,260","1,785"
SKM,2026-09-12 01:12:11,46,,46
PNB,2026-09-12 01:12:11,"12,509","4,372","8,137"
NGD,2026-09-12 01:12:11,88,,88
TND,2026-09-12 01:12:11,"17,819","7,931","9,888"
TLG,2026-09-12 01:12:11,"9,013","5,702","3,311"
TPA,2026-09-12 01:12:12,277,0,277
BGL,2026-09-12 01:12:12,"9,623","5,742","3,881"
UP,2026-09-12 01:12:12,"22,860","11,769","11,091"
UTK,2026-09-12 01:12:12,"2,081",976,"1,105"
AP,2026-09-12 04:04:23,"10,151","6,870","3,281"
ACP,2026-09-12 04:04:23,104,,104
CHG,2026-09-12 04:04:23,259,,259
DL,2026-09-12 04:04:24,"4,860",977,"3,883"
ASM,2026-09-12 04:04:24,"1,698",364,"1,334"
CTG,2026-09-12 04:04:24,"4,617","2,317","2,300"
BHR,2026-09-12 04:04:24,"7,099",873,"6,226"
DNH,2026-09-12 04:04:25,968,,968
DND,2026-09-12 04:04:25,365,,365
GOA,2026-09-12 04:04:26,519,,519
GJT,2026-09-12 04:04:26,"19,413","11,560","7,853"
HRN,2026-09-12 04:04:26,"11,202","2,376","8,826"
HP,2026-09-12 04:04:27,"1,259","1,652",-393
JHK,2026-09-12 04:04:27,"1,591",409,"1,182"
KRL,2026-09-12 04:04:27,"3,787","1,092","2,695"
JAK,2026-09-12 04:04:28,"1,541",628,913
MIP,2026-09-12 04:04:28,94,,94
KRT,2026-09-12 04:04:28,"12,063","7,652","4,411"
MHA,2026-09-12 04:04:28,"25,013","16,390","8,623"
MPD,2026-09-12 04:04:28,"10,160","5,304","4,856"
MGA,2026-09-12 04:04:29,197,0,197
NGD,2026-09-12 04:04:30,80,,80
PU,2026-09-12 04:04:30,412,,412
ODI,2026-09-12 04:04:30,"4,713","3,260","1,453"
MZM,2026-09-12 04:04:30,63,,63
PNB,2026-09-12 04:04:31,"12,351","4,004","8,347"
RJ,2026-09-12 04:04:31,"14,403","8,276","6,127"
SKM,2026-09-12 04:04:31,45,,45
TND,2026-09-12 04:04:31,"17,031","7,324","9,707"
TLG,2026-09-12 04:04:31,"8,824","5,800","3,024"
UTK,2026-09-12 04:04:31,"1,875",978,897
BGL,2026-09-12 04:04:31,"8,921","5,359","3,562"
UP,2026-09-12 04:04:31,"21,508","11,918","9,590"
TPA,2026-09-12 04:04:31,233,0,233
DND,2026-09-12 06:35:54,371,,371
ACP,2026-09-12 06:35:52,131,,131
AP,2026-09-12 06:35:51,"10,999","7,120","3,879"
CTG,2026-09-12 06:35:54,"5,163","2,293","2,870"
ASM,2026-09-12 06:35:52,"1,429",373,"1,056"
BHR,2026-09-12 06:35:52,"6,692",856,"5,836"
CHG,2026-09-12 06:35:53,242,,242
DNH,2026-09-12 06:35:53,967,,967
GOA,2026-09-12 06:35:55,539,,539
DL,2026-09-12 06:35:56,"4,670",979,"3,691"
MHA,2026-09-12 06:35:57,"26,265","17,791","8,474"
GJT,2026-09-12 06:35:57,"20,040","11,579","8,461"
JAK,2026-09-12 06:35:57,"1,922",626,"1,296"
HRN,2026-09-12 06:35:57,"10,620","2,447","8,173"
KRT,2026-09-12 06:35:57,"12,632","7,667","4,965"
JHK,2026-09-12 06:35:58,"1,979",409,"1,570"
HP,2026-09-12 06:35:58,"1,458","1,624",-166
KRL,2026-09-12 06:35:58,"3,897","1,296","2,601"
MPD,2026-09-12 06:35:58,"11,731","5,909","5,822"
MIP,2026-09-12 06:35:59,161,,161
MGA,2026-09-12 06:36:00,248,0,248
MZM,2026-09-12 06:36:00,85,,85
NGD,2026-09-12 06:36:01,124,,124
ODI,2026-09-12 06:36:01,"4,907","3,260","1,647"
PU,2026-09-12 06:36:01,419,,419
PNB,2026-09-12 06:36:01,"12,778","4,281","8,497"
SKM,2026-09-12 06:36:02,64,,64
RJ,2026-09-12 06:36:02,"15,470","7,834","7,636"
UP,2026-09-12 06:36:03,"20,350","12,168","8,182"
UTK,2026-09-12 06:36:03,"2,076","1,007","1,069"
TLG,2026-09-12 06:36:03,"10,688","6,134","4,554"
TND,2026-09-12 06:36:03,"17,607","7,168","10,439"
BGL,2026-09-12 06:36:03,"7,947","5,220","2,727"
TPA,2026-09-12 06:36:03,195,0,195
ASM,2026-09-12 11:16:12,"1,687",492,"1,195"
CHG,2026-09-12 11:16:10,297,,297
ACP,2026-09-12 11:16:11,147,,147
DND,2026-09-12 11:16:12,422,,422
AP,2026-09-12 11:16:10,"12,892","7,273","5,619"
BHR,2026-09-12 11:16:12,"6,315","1,009","5,306"
DNH,2026-09-12 11:16:12,"1,019",,"1,019"
GOA,2026-09-12 11:16:13,591,,591
CTG,2026-09-12 11:16:14,"4,423","2,637","1,786"
GJT,2026-09-12 11:16:14,"28,731","15,302","13,429"
KRT,2026-09-12 11:16:15,"19,304","11,467","7,837"
HRN,2026-09-12 11:16:15,"12,625","2,071","10,554"
DL,2026-09-12 11:16:15,"5,693",978,"4,715"
HP,2026-09-12 11:16:15,"1,659","1,437",222
JAK,2026-09-12 11:16:15,"2,445",627,"1,818"
KRL,2026-09-12 11:16:16,"3,060",228,"2,832"
JHK,2026-09-12 11:16:17,"1,789",409,"1,380"
MPD,2026-09-12 11:16:17,"10,792","5,726","5,066"
MHA,2026-09-12 11:16:18,"30,111","16,637","13,474"
NGD,2026-09-12 11:16:18,104,,104
MGA,2026-09-12 11:16:18,201,0,201
PU,2026-09-12 11:16:18,397,,397
MIP,2026-09-12 11:16:19,133,,133
ODI,2026-09-12 11:16:19,"5,277","3,260","2,017"
PNB,2026-09-12 11:16:19,"16,003","4,490","11,513"
TND,2026-09-12 11:16:19,"18,465","13,584","4,881"
MZM,2026-09-12 11:16:19,87,,87
SKM,2026-09-12 11:16:20,57,,57
UTK,2026-09-12 11:16:20,"1,689",977,712
TLG,2026-09-12 11:16:21,"16,864","6,704","10,160"
UP,2026-09-12 11:16:21,"21,517","12,119","9,398"
RJ,2026-09-12 11:16:21,"15,192","13,512","1,680"
BGL,2026-09-12 11:16:21,"9,956","5,250","4,706"
TPA,2026-09-12 11:16:21,222,0,222
DNH,2026-09-12 16:13:59,"1,025",,"1,025"
ASM,2026-09-12 16:13:58,"1,960",430,"1,530"
CTG,2026-09-12 16:13:59,"4,322","2,559","1,763"
AP,2026-09-12 16:13:58,"12,678","6,976","5,702"
ACP,2026-09-12 16:14:00,166,,166
CHG,2026-09-12 16:14:00,336,,336
BHR,2026-09-12 16:14:00,"6,759",895,"5,864"
DND,2026-09-12 16:14:01,418,,418
GOA,2026-09-12 16:14:01,594,,594
GJT,2026-09-12 16:14:01,"29,561","14,856","14,705"
KRT,2026-09-12 16:14:02,"17,617","10,200","7,417"
HP,2026-09-12 16:14:02,"1,660","1,590",70
DL,2026-09-12 16:14:02,"5,955","1,019","4,936"
KRL,2026-09-12 16:14:02,"3,953",416,"3,537"
JAK,2026-09-12 16:14:02,"2,722",625,"2,097"
HRN,2026-09-12 16:14:02,"12,434","2,580","9,854"
MPD,2026-09-12 16:14:03,"10,328","5,922","4,406"
MZM,2026-09-12 16:14:03,137,,137
JHK,2026-09-12 16:14:04,"1,652",409,"1,243"
NGD,2026-09-12 16:14:04,159,,159
MHA,2026-09-12 16:14:04,"28,648","18,101","10,547"
MIP,2026-09-12 16:14:04,171,,171
PNB,2026-09-12 16:14:05,"14,816","4,647","10,169"
ODI,2026-09-12 16:14:06,"5,264","3,260","2,004"
MGA,2026-09-12 16:14:06,246,0,246
PU,2026-09-12 16:14:06,459,,459
RJ,2026-09-12 16:14:06,"15,755","11,447","4,308"
TND,2026-09-12 16:14:06,"19,964","11,907","8,057"
TLG,2026-09-12 16:14:06,"14,836","6,461","8,375"
UP,2026-09-12 16:14:06,"21,007","11,887","9,120"
BGL,2026-09-12 16:14:07,"9,402","5,176","4,226"
SKM,2026-09-12 16:14:07,61,,61
UTK,2026-09-12 16:14:07,"1,908",979,929
TPA,2026-09-12 16:14:07,247,0,247
BHR,2026-09-12 19:36:34,"8,719","1,017","7,702"
ACP,2026-09-12 19:36:34,172,,172
AP,2026-09-12 19:36:33,"10,308","6,937","3,371"
CHG,2026-09-12 19:36:34,355,,355
ASM,2026-09-12 19:36:34,"2,458",415,"2,043"
CTG,2026-09-12 19:36:36,"4,626","2,526","2,100"
GOA,2026-09-12 19:36:36,668,,668
HP,2026-09-12 19:36:36,"1,749","2,030",-281
GJT,2026-09-12 19:36:37,"22,680","14,617","8,063"
DND,2026-09-12 19:36:37,393,,393
JHK,2026-09-12 19:36:37,"2,173",409,"1,764"
DNH,2026-09-12 19:36:37,"1,004",,"1,004"
DL,2026-09-12 19:36:37,"6,133",976,"5,157"
HRN,2026-09-12 19:36:37,"11,728","2,986","8,742"
JAK,2026-09-12 19:36:37,"2,553",627,"1,926"
KRT,2026-09-12 19:36:38,"12,488","9,326","3,162"
MIP,2026-09-12 19:36:38,174,,174
MPD,2026-09-12 19:36:39,"12,031","5,940","6,091"
MHA,2026-09-12 19:36:39,"26,448","18,416","8,032"
ODI,2026-09-12 19:36:39,"5,806","3,260","2,546"
MGA,2026-09-12 19:36:39,342,0,342
MZM,2026-09-12 19:36:39,128,,128
NGD,2026-09-12 19:36:39,152,,152
TND,2026-09-12 19:36:40,"19,261","8,902","10,359"
PU,2026-09-12 19:36:40,520,,520
RJ,2026-09-12 19:36:40,"15,587","7,693","7,894"
KRL,2026-09-12 19:36:40,"4,283","1,643","2,640"
TLG,2026-09-12 19:36:41,"9,905","6,417","3,488"
UTK,2026-09-12 19:36:41,"2,398","1,005","1,393"
TPA,2026-09-12 19:36:41,331,0,331
UP,2026-09-12 19:36:41,"24,368","12,258","12,110"
PNB,2026-09-12 19:36:41,"13,243","4,467","8,776"
SKM,2026-09-12 19:36:41,71,,71
BGL,2026-09-12 19:36:41,"10,459","5,399","5,060"
ACP,2026-09-12 22:38:39,151,,151
AP,2026-09-12 22:38:38,"10,453","7,389","3,064"
ASM,2026-09-12 22:38:37,"2,481",412,"2,069"
CHG,2026-09-12 22:38:39,359,,359
BHR,2026-09-12 22:38:40,"8,530",914,"7,616"
CTG,2026-09-12 22:38:40,"4,472","2,638","1,834"
DL,2026-09-12 22:38:41,"6,309","1,027","5,282"
JAK,2026-09-12 22:38:41,"2,347",627,"1,720"
DNH,2026-09-12 22:38:41,999,,999
HP,2026-09-12 22:38:42,"1,576","1,936",-360
HRN,2026-09-12 22:38:42,"12,163","3,194","8,969"
DND,2026-09-12 22:38:42,377,,377
JHK,2026-09-12 22:38:43,"1,921",409,"1,512"
KRL,2026-09-12 22:38:43,"4,482","1,620","2,862"
KRT,2026-09-12 22:38:43,"12,029","8,711","3,318"
GJT,2026-09-12 22:38:43,"21,077","13,546","7,531"
GOA,2026-09-12 22:38:44,578,,578
MGA,2026-09-12 22:38:45,271,0,271
MIP,2026-09-12 22:38:45,123,,123
MPD,2026-09-12 22:38:45,"10,566","5,848","4,718"
MHA,2026-09-12 22:38:46,"25,313","16,829","8,484"
PNB,2026-09-12 22:38:46,"13,477","4,508","8,969"
NGD,2026-09-12 22:38:46,123,,123
ODI,2026-09-12 22:38:47,"5,659","3,260","2,399"
PU,2026-09-12 22:38:47,524,,524
TND,2026-09-12 22:38:47,"19,588","7,729","11,859"
TLG,2026-09-12 22:38:48,"8,789","5,427","3,362"
MZM,2026-09-12 22:38:48,99,,99
RJ,2026-09-12 22:38:48,"16,594","8,038","8,556"
SKM,2026-09-12 22:38:48,57,,57
TPA,2026-09-12 22:38:48,311,0,311
UP,2026-09-12 22:38:49,"24,957","12,561","12,396"
BGL,2026-09-12 22:38:49,"10,552","5,481","5,071"
UTK,2026-09-12 22:38:49,"2,272","1,001","1,271"
AP,2026-09-13 00:50:23,"10,030","7,748","2,282"
ASM,2026-09-13 00:50:24,"2,195",413,"1,782"
ACP,2026-09-13 00:50:23,138,,138
GOA,2026-09-13 00:50:25,566,,566
BHR,2026-09-13 00:50:23,"7,999",943,"7,056"
DNH,2026-09-13 00:50:25,993,,993
CHG,2026-09-13 00:50:24,315,,315
JAK,2026-09-13 00:50:25,"1,916",626,"1,290"
DND,2026-09-13 00:50:24,371,,371
HRN,2026-09-13 00:50:26,"11,299","2,678","8,621"
KRT,2026-09-13 00:50:27,"11,966","8,251","3,715"
GJT,2026-09-13 00:50:28,"19,946","12,291","7,655"
CTG,2026-09-13 00:50:28,"4,513","2,569","1,944"
DL,2026-09-13 00:50:28,"5,904",748,"5,156"
MPD,2026-09-13 00:50:29,"10,389","5,608","4,781"
JHK,2026-09-13 00:50:29,"1,785",409,"1,376"
HP,2026-09-13 00:50:29,"1,466","1,885",-419
KRL,2026-09-13 00:50:29,"4,380","1,558","2,822"
MHA,2026-09-13 00:50:30,"24,362","15,781","8,581"
MZM,2026-09-13 00:50:30,69,,69
MIP,2026-09-13 00:50:31,100,,100
NGD,2026-09-13 00:50:31,93,,93
PNB,2026-09-13 00:50:31,"12,870","4,437","8,433"
MGA,2026-09-13 00:50:31,218,0,218
ODI,2026-09-13 00:50:32,"5,265","3,260","2,005"
TND,2026-09-13 00:50:32,"17,660","6,997","10,663"
PU,2026-09-13 00:50:33,457,,457
SKM,2026-09-13 00:50:33,39,,39
TLG,2026-09-13 00:50:33,"8,654","5,809","2,845"
TPA,2026-09-13 00:50:33,283,0,283
BGL,2026-09-13 00:50:34,"9,879","5,543","4,336"
UP,2026-09-13 00:50:34,"24,954","12,345","12,609"
UTK,2026-09-13 00:50:34,"2,088",938,"1,150"
RJ,2026-09-13 00:50:34,"15,759","7,830","7,929"
ASM,2026-09-13 03:46:02,"1,867",411,"1,456"
ACP,2026-09-13 03:46:05,129,,129
CHG,2026-09-13 03:46:05,275,,275
AP,2026-09-13 03:46:05,"9,612","7,210","2,402"
GJT,2026-09-13 03:46:05,"18,980","11,183","7,797"
HP,2026-09-13 03:46:06,"1,404","1,539",-135
CTG,2026-09-13 03:46:06,"4,490","2,549","1,941"
GOA,2026-09-13 03:46:06,515,,515
DND,2026-09-13 03:46:06,364,,364
DL,2026-09-13 03:46:06,"4,970",741,"4,229"
DNH,2026-09-13 03:46:06,980,,980
HRN,2026-09-13 03:46:06,"11,689","2,606","9,083"
BHR,2026-09-13 03:46:06,"7,553",957,"6,596"
JHK,2026-09-13 03:46:07,"1,704",409,"1,295"
JAK,2026-09-13 03:46:07,"1,712",638,"1,074"
MPD,2026-09-13 03:46:08,"10,153","5,603","4,550"
MIP,2026-09-13 03:46:08,93,,93
KRL,2026-09-13 03:46:09,"3,764",808,"2,956"
MZM,2026-09-13 03:46:09,53,,53
KRT,2026-09-13 03:46:09,"12,620","8,291","4,329"
NGD,2026-09-13 03:46:09,89,,89
PU,2026-09-13 03:46:09,402,,402
MGA,2026-09-13 03:46:10,211,0,211
ODI,2026-09-13 03:46:10,"5,024","3,260","1,764"
MHA,2026-09-13 03:46:10,"23,528","15,554","7,974"
RJ,2026-09-13 03:46:10,"14,874","7,580","7,294"
PNB,2026-09-13 03:46:11,"12,265","4,369","7,896"
UP,2026-09-13 03:46:11,"22,432","12,337","10,095"
TND,2026-09-13 03:46:11,"16,778","6,436","10,342"
BGL,2026-09-13 03:46:12,"8,836","5,370","3,466"
TPA,2026-09-13 03:46:12,248,0,248
SKM,2026-09-13 03:46:12,34,,34
TLG,2026-09-13 03:46:12,"7,963","5,298","2,665"
UTK,2026-09-13 03:46:12,"1,948",909,"1,039"
CTG,2026-09-13 06:29:44,"4,845","2,560","2,285"
AP,2026-09-13 06:29:41,"10,338","6,829","3,509"
ACP,2026-09-13 06:29:43,140,,140
CHG,2026-09-13 06:29:43,244,,244
BHR,2026-09-13 06:29:43,"6,975",966,"6,009"
ASM,2026-09-13 06:29:42,"1,479",418,"1,061"
DND,2026-09-13 06:29:44,354,,354
DNH,2026-09-13 06:29:45,966,,966
DL,2026-09-13 06:29:45,"4,615",739,"3,876"
GOA,2026-09-13 06:29:45,499,,499
GJT,2026-09-13 06:29:46,"18,727","11,022","7,705"
HP,2026-09-13 06:29:46,"1,570","1,514",56
JAK,2026-09-13 06:29:46,"2,229",639,"1,590"
KRT,2026-09-13 06:29:46,"12,948","7,834","5,114"
HRN,2026-09-13 06:29:47,"11,493","2,643","8,850"
JHK,2026-09-13 06:29:47,"1,970",409,"1,561"
MIP,2026-09-13 06:29:47,170,,170
MPD,2026-09-13 06:29:48,"11,197","5,647","5,550"
KRL,2026-09-13 06:29:48,"3,741","1,181","2,560"
MZM,2026-09-13 06:29:48,88,,88
ODI,2026-09-13 06:29:48,"5,230","3,260","1,970"
MHA,2026-09-13 06:29:49,"24,425","15,744","8,681"
NGD,2026-09-13 06:29:49,151,,151
MGA,2026-09-13 06:29:49,242,0,242
PU,2026-09-13 06:29:49,392,,392
SKM,2026-09-13 06:29:50,59,,59
TLG,2026-09-13 06:29:50,"9,435","5,552","3,883"
PNB,2026-09-13 06:29:50,"13,132","4,545","8,587"
RJ,2026-09-13 06:29:50,"15,656","7,666","7,990"
TND,2026-09-13 06:29:50,"16,575","6,737","9,838"
UP,2026-09-13 06:29:50,"20,253","11,955","8,298"
UTK,2026-09-13 06:29:51,"1,994",909,"1,085"
BGL,2026-09-13 06:29:51,"7,611","5,181","2,430"
TPA,2026-09-13 06:29:51,225,0,225
AP,2026-09-13 11:37:35,"12,399","6,649","5,750"
ACP,2026-09-13 11:37:37,157,,157
ASM,2026-09-13 11:37:37,"1,536",549,987
DND,2026-09-13 11:37:38,372,,372
BHR,2026-09-13 11:37:38,"6,607",803,"5,804"
DNH,2026-09-13 11:37:38,973,,973
CHG,2026-09-13 11:37:38,273,,273
GOA,2026-09-13 11:37:39,525,,525
CTG,2026-09-13 11:37:39,"4,555","2,685","1,870"
HRN,2026-09-13 11:37:39,"10,434","2,411","8,023"
HP,2026-09-13 11:37:40,"1,733","1,519",214
KRT,2026-09-13 11:37:40,"18,633","10,905","7,728"
GJT,2026-09-13 11:37:40,"22,477","14,969","7,508"
MHA,2026-09-13 11:37:42,"26,755","15,670","11,085"
DL,2026-09-13 11:37:42,"5,354",711,"4,643"
JAK,2026-09-13 11:37:42,"2,285",638,"1,647"
MIP,2026-09-13 11:37:42,144,,144
JHK,2026-09-13 11:37:42,"1,840",409,"1,431"
KRL,2026-09-13 11:37:43,"2,375",213,"2,162"
MZM,2026-09-13 11:37:44,76,,76
NGD,2026-09-13 11:37:44,132,,132
MGA,2026-09-13 11:37:44,237,0,237
PNB,2026-09-13 11:37:44,"16,535","5,082","11,453"
MPD,2026-09-13 11:37:44,"10,177","4,998","5,179"
PU,2026-09-13 11:37:45,371,,371
ODI,2026-09-13 11:37:45,"5,361","3,260","2,101"
SKM,2026-09-13 11:37:45,59,,59
RJ,2026-09-13 11:37:45,"13,188","12,002","1,186"
UP,2026-09-13 11:37:46,"22,681","12,281","10,400"
TND,2026-09-13 11:37:46,"15,335","12,906","2,429"
UTK,2026-09-13 11:37:46,"1,554",944,610
TPA,2026-09-13 11:37:46,184,0,184
BGL,2026-09-13 11:37:47,"9,024","4,635","4,389"
TLG,2026-09-13 11:37:47,"13,494","6,249","7,245"
ACP,2026-09-13 17:19:20,149,,149
AP,2026-09-13 17:19:20,"10,459","5,860","4,599"
BHR,2026-09-13 17:19:21,"6,828",862,"5,966"
ASM,2026-09-13 17:19:21,"1,878",409,"1,469"
CTG,2026-09-13 17:19:22,"4,506","2,560","1,946"
CHG,2026-09-13 17:19:22,236,,236
DNH,2026-09-13 17:19:22,964,,964
GOA,2026-09-13 17:19:23,508,,508
DND,2026-09-13 17:19:24,350,,350
DL,2026-09-13 17:19:24,"5,783",745,"5,038"
JAK,2026-09-13 17:19:24,"2,226",638,"1,588"
GJT,2026-09-13 17:19:25,"21,184","11,928","9,256"
HP,2026-09-13 17:19:25,"1,332","1,672",-340
HRN,2026-09-13 17:19:25,"9,884","2,312","7,572"
KRT,2026-09-13 17:19:26,"14,058","7,006","7,052"
KRL,2026-09-13 17:19:26,"3,614",173,"3,441"
JHK,2026-09-13 17:19:26,"1,799",409,"1,390"
MPD,2026-09-13 17:19:27,"10,433","5,333","5,100"
MHA,2026-09-13 17:19:27,"24,272","15,005","9,267"
ODI,2026-09-13 17:19:28,"5,110","3,260","1,850"
MGA,2026-09-13 17:19:28,273,0,273
MZM,2026-09-13 17:19:28,128,,128
PNB,2026-09-13 17:19:29,"15,949","5,184","10,765"
NGD,2026-09-13 17:19:29,170,,170
PU,2026-09-13 17:19:29,420,,420
SKM,2026-09-13 17:19:29,45,,45
MIP,2026-09-13 17:19:30,202,,202
RJ,2026-09-13 17:19:30,"14,442","10,011","4,431"
UP,2026-09-13 17:19:30,"20,690","11,869","8,821"
TPA,2026-09-13 17:19:30,220,0,220
BGL,2026-09-13 17:19:31,,,
UTK,2026-09-13 17:19:31,"1,643","1,000",643
TND,2026-09-13 17:19:31,"17,204","8,824","8,380"
TLG,2026-09-13 17:19:31,"12,038","5,733","6,305"
CHG,2026-09-13 21:45:18,274,,274
AP,2026-09-13 21:45:16,"10,430","6,750","3,680"
ACP,2026-09-13 21:45:17,160,,160
BHR,2026-09-13 21:45:17,"8,717","1,035","7,682"
ASM,2026-09-13 21:45:18,"2,497",410,"2,087"
DNH,2026-09-13 21:45:18,927,,927
CTG,2026-09-13 21:45:19,"4,455","2,518","1,937"
DND,2026-09-13 21:45:19,325,,325
DL,2026-09-13 21:45:20,"6,211",742,"5,469"
GJT,2026-09-13 21:45:20,"19,173","11,800","7,373"
HP,2026-09-13 21:45:21,"1,352","1,934",-582
HRN,2026-09-13 21:45:21,"10,951","2,344","8,607"
GOA,2026-09-13 21:45:21,582,,582
JHK,2026-09-13 21:45:21,"1,975",409,"1,566"
KRT,2026-09-13 21:45:22,"11,859","8,044","3,815"
KRL,2026-09-13 21:45:22,"4,687","1,560","3,127"
JAK,2026-09-13 21:45:22,"2,242",639,"1,603"
MIP,2026-09-13 21:45:23,148,,148
MPD,2026-09-13 21:45:23,"10,394","5,368","5,026"
MHA,2026-09-13 21:45:23,"23,870","16,000","7,870"
NGD,2026-09-13 21:45:24,133,,133
MZM,2026-09-13 21:45:24,103,,103
MGA,2026-09-13 21:45:25,262,0,262
RJ,2026-09-13 21:45:26,"15,487","8,021","7,466"
SKM,2026-09-13 21:45:26,35,,35
PNB,2026-09-13 21:45:26,"13,941","5,600","8,341"
ODI,2026-09-13 21:45:26,"5,814","3,260","2,554"
TLG,2026-09-13 21:45:26,"8,632","5,511","3,121"
TPA,2026-09-13 21:45:26,343,0,343
UP,2026-09-13 21:45:27,"25,405","13,112","12,293"
UTK,2026-09-13 21:45:27,"2,109",989,"1,120"
TND,2026-09-13 21:45:27,"17,450","7,066","10,384"
PU,2026-09-13 21:45:27,479,,479
BGL,2026-09-13 21:45:27,"9,874","5,982","3,892"
CTG,2026-09-14 00:57:27,"4,593","2,625","1,968"
CHG,2026-09-14 00:57:27,239,,239
DND,2026-09-14 00:57:27,319,,319
BHR,2026-09-14 00:57:26,"8,304",885,"7,419"
ASM,2026-09-14 00:57:26,"2,157",409,"1,748"
DNH,2026-09-14 00:57:26,939,,939
ACP,2026-09-14 00:57:26,128,,128
AP,2026-09-14 00:57:26,"9,888","6,861","3,027"
GJT,2026-09-14 00:57:28,"18,784","11,126","7,658"
DL,2026-09-14 00:57:29,"5,912",747,"5,165"
JAK,2026-09-14 00:57:29,"1,791",638,"1,153"
KRL,2026-09-14 00:57:29,"4,144","1,473","2,671"
GOA,2026-09-14 00:57:29,547,,547
HP,2026-09-14 00:57:29,"1,299","1,815",-516
HRN,2026-09-14 00:57:29,"9,824","2,217","7,607"
MPD,2026-09-14 00:57:29,"10,215","5,390","4,825"
KRT,2026-09-14 00:57:30,"12,442","7,772","4,670"
MHA,2026-09-14 00:57:31,"23,127","15,947","7,180"
JHK,2026-09-14 00:57:31,"1,793",409,"1,384"
MIP,2026-09-14 00:57:31,104,,104
ODI,2026-09-14 00:57:31,"5,420","3,260","2,160"
NGD,2026-09-14 00:57:31,94,,94
PU,2026-09-14 00:57:31,428,,428
PNB,2026-09-14 00:57:32,"13,741","5,657","8,084"
SKM,2026-09-14 00:57:32,13,,13
MGA,2026-09-14 00:57:32,195,0,195
TLG,2026-09-14 00:57:33,"7,837","5,098","2,739"
RJ,2026-09-14 00:57:33,"14,969","8,039","6,930"
UP,2026-09-14 00:57:33,"24,196","12,907","11,289"
TND,2026-09-14 00:57:33,"16,237","6,662","9,575"
TPA,2026-09-14 00:57:33,301,0,301
MZM,2026-09-14 00:57:33,61,,61
UTK,2026-09-14 00:57:33,"1,844",975,869
BGL,2026-09-14 00:57:33,"9,219","5,976","3,243"
ACP,2026-09-14 03:54:14,124,,124
AP,2026-09-14 03:54:13,"9,844","6,685","3,159"
BHR,2026-09-14 03:54:14,"7,778",917,"6,861"
ASM,2026-09-14 03:54:15,"1,890",413,"1,477"
DNH,2026-09-14 03:54:16,925,,925
CTG,2026-09-14 03:54:16,"4,461","2,547","1,914"
CHG,2026-09-14 03:54:16,206,,206
DND,2026-09-14 03:54:17,308,,308
DL,2026-09-14 03:54:17,"4,988",728,"4,260"
GJT,2026-09-14 03:54:18,"17,982","10,415","7,567"
HP,2026-09-14 03:54:18,"1,277","1,655",-378
GOA,2026-09-14 03:54:18,522,,522
MPD,2026-09-14 03:54:18,"9,736","5,175","4,561"
KRT,2026-09-14 03:54:18,"12,415","7,041","5,374"
HRN,2026-09-14 03:54:18,"9,946","2,360","7,586"
MHA,2026-09-14 03:54:19,"22,657","16,186","6,471"
JHK,2026-09-14 03:54:19,"1,739",409,"1,330"
JAK,2026-09-14 03:54:19,"1,526",639,887
KRL,2026-09-14 03:54:20,"3,570",718,"2,852"
MZM,2026-09-14 03:54:20,50,,50
ODI,2026-09-14 03:54:20,"5,131","3,260","1,871"
PU,2026-09-14 03:54:21,391,,391
MGA,2026-09-14 03:54:21,210,0,210
NGD,2026-09-14 03:54:22,91,,91
MIP,2026-09-14 03:54:22,97,,97
PNB,2026-09-14 03:54:22,"14,658","5,638","9,020"
TLG,2026-09-14 03:54:22,"7,647","4,984","2,663"
TPA,2026-09-14 03:54:22,260,0,260
RJ,2026-09-14 03:54:22,"14,591","7,885","6,706"
TND,2026-09-14 03:54:22,"15,319","5,973","9,346"
UP,2026-09-14 03:54:23,"23,894","12,878","11,016"
UTK,2026-09-14 03:54:23,"1,703",902,801
SKM,2026-09-14 03:54:23,12,,12
BGL,2026-09-14 03:54:23,"8,359","6,007","2,352"
CTG,2026-09-14 06:33:14,"4,909","2,587","2,322"
ASM,2026-09-14 06:33:12,"1,596",398,"1,198"
CHG,2026-09-14 06:33:13,216,,216
BHR,2026-09-14 06:33:14,"7,104",885,"6,219"
AP,2026-09-14 06:33:13,"10,752","5,985","4,767"
ACP,2026-09-14 06:33:12,128,,128
DNH,2026-09-14 06:33:14,910,,910
GOA,2026-09-14 06:33:15,522,,522
DND,2026-09-14 06:33:15,312,,312
DL,2026-09-14 06:33:15,"4,869",724,"4,145"
GJT,2026-09-14 06:33:16,"18,250","10,533","7,717"
MPD,2026-09-14 06:33:17,"11,270","5,298","5,972"
JHK,2026-09-14 06:33:17,"1,981",409,"1,572"
HRN,2026-09-14 06:33:17,"10,064","2,531","7,533"
KRL,2026-09-14 06:33:17,"3,941","1,313","2,628"
JAK,2026-09-14 06:33:18,"2,305",637,"1,668"
MZM,2026-09-14 06:33:18,93,,93
MHA,2026-09-14 06:33:18,"24,792","17,078","7,714"
KRT,2026-09-14 06:33:18,"13,642","8,164","5,478"
MIP,2026-09-14 06:33:19,159,,159
PU,2026-09-14 06:33:19,390,,390
HP,2026-09-14 06:33:19,"1,673","1,582",91
PNB,2026-09-14 06:33:19,"14,162","5,684","8,478"
NGD,2026-09-14 06:33:20,164,,164
RJ,2026-09-14 06:33:20,"15,245","8,029","7,216"
ODI,2026-09-14 06:33:20,"4,983","3,260","1,723"
MGA,2026-09-14 06:33:21,295,0,295
TND,2026-09-14 06:33:21,"15,752","6,090","9,662"
UP,2026-09-14 06:33:21,"21,008","12,754","8,254"
UTK,2026-09-14 06:33:21,"1,944",899,"1,045"
TLG,2026-09-14 06:33:21,"9,592","5,686","3,906"
TPA,2026-09-14 06:33:21,240,0,240
SKM,2026-09-14 06:33:21,46,,46
BGL,2026-09-14 06:33:21,"7,560","5,810","1,750"
ASM,2026-09-14 11:46:16,"1,661",526,"1,135"
BHR,2026-09-14 11:46:16,"7,304",939,"6,365"
CHG,2026-09-14 11:46:18,282,,282
CTG,2026-09-14 11:46:18,"4,513","3,138","1,375"
AP,2026-09-14 11:46:17,"12,634","7,134","5,500"
ACP,2026-09-14 11:46:17,168,,168
DNH,2026-09-14 11:46:19,916,,916
DL,2026-09-14 11:46:20,"6,174",727,"5,447"
DND,2026-09-14 11:46:19,320,,320
HRN,2026-09-14 11:46:20,"11,205","2,421","8,784"
GOA,2026-09-14 11:46:20,492,,492
JAK,2026-09-14 11:46:20,"2,331",639,"1,692"
GJT,2026-09-14 11:46:20,"21,509","10,820","10,689"
HP,2026-09-14 11:46:21,"1,639","1,476",163
KRL,2026-09-14 11:46:21,"3,038",264,"2,774"
JHK,2026-09-14 11:46:21,"1,998",409,"1,589"
KRT,2026-09-14 11:46:22,"18,295","10,762","7,533"
MPD,2026-09-14 11:46:22,"10,713","4,872","5,841"
MGA,2026-09-14 11:46:22,229,0,229
MHA,2026-09-14 11:46:23,"24,123","15,618","8,505"
MZM,2026-09-14 11:46:23,83,,83
MIP,2026-09-14 11:46:23,144,,144
ODI,2026-09-14 11:46:24,"5,374","3,260","2,114"
NGD,2026-09-14 11:46:24,130,,130
PU,2026-09-14 11:46:24,370,,370
RJ,2026-09-14 11:46:25,"14,587","13,336","1,251"
TLG,2026-09-14 11:46:25,"12,880","5,718","7,162"
SKM,2026-09-14 11:46:25,66,,66
TND,2026-09-14 11:46:25,"16,426","12,337","4,089"
PNB,2026-09-14 11:46:25,"16,825","5,784","11,041"
TPA,2026-09-14 11:46:25,277,0,277
UTK,2026-09-14 11:46:26,"1,622",929,693
BGL,2026-09-14 11:46:26,"10,282","5,413","4,869"
UP,2026-09-14 11:46:26,"23,809","14,136","9,673"
ACP,2026-09-14 19:31:10,187,,187
CHG,2026-09-14 19:31:13,329,,329
ASM,2026-09-14 19:31:11,"2,646",397,"2,249"
AP,2026-09-14 19:31:11,"9,883","6,534","3,349"
BHR,2026-09-14 19:31:12,"8,550","1,014","7,536"
CTG,2026-09-14 19:31:13,"5,155","2,515","2,640"
DL,2026-09-14 19:31:13,"6,441",801,"5,640"
DNH,2026-09-14 19:31:13,924,,924
DND,2026-09-14 19:31:14,316,,316
GJT,2026-09-14 19:31:14,"19,578","13,527","6,051"
JAK,2026-09-14 19:31:14,"2,704",639,"2,065"
HRN,2026-09-14 19:31:14,"12,028","3,475","8,553"
GOA,2026-09-14 19:31:15,548,,548
MPD,2026-09-14 19:31:15,"11,312","5,751","5,561"
JHK,2026-09-14 19:31:16,"2,270",409,"1,861"
HP,2026-09-14 19:31:16,"1,709","1,939",-230
MGA,2026-09-14 19:31:16,326,231,95
KRT,2026-09-14 19:31:17,"10,765","7,505","3,260"
MHA,2026-09-14 19:31:17,"24,490","16,749","7,741"
MIP,2026-09-14 19:31:17,180,,180
KRL,2026-09-14 19:31:17,"4,462","1,538","2,924"
MZM,2026-09-14 19:31:17,135,,135
NGD,2026-09-14 19:31:18,175,,175
TND,2026-09-14 19:31:18,"15,666","6,229","9,437"
PU,2026-09-14 19:31:19,449,,449
UP,2026-09-14 19:31:19,"25,335","13,438","11,897"
ODI,2026-09-14 19:31:19,"6,021","3,260","2,761"
RJ,2026-09-14 19:31:19,"15,527","8,752","6,775"
PNB,2026-09-14 19:31:19,"14,258","5,298","8,960"
BGL,2026-09-14 19:31:19,"11,237","5,705","5,532"
TLG,2026-09-14 19:31:20,"8,903","5,914","2,989"
UTK,2026-09-14 19:31:20,"2,282",986,"1,296"
SKM,2026-09-14 19:31:20,82,,82
TPA,2026-09-14 19:31:20,366,53,313
ACP,2026-09-15 00:51:03,138,,138
CHG,2026-09-15 00:51:04,266,,266
AP,2026-09-15 00:51:03,"9,931","6,723","3,208"
DNH,2026-09-15 00:51:05,903,,903
BHR,2026-09-15 00:51:05,"7,839",905,"6,934"
CTG,2026-09-15 00:51:06,"5,100","2,538","2,562"
GJT,2026-09-15 00:51:06,"18,050","11,482","6,568"
DND,2026-09-15 00:51:06,307,,307
GOA,2026-09-15 00:51:07,529,,529
HRN,2026-09-15 00:51:07,"10,956","3,650","7,306"
DL,2026-09-15 00:51:08,"6,254",867,"5,387"
HP,2026-09-15 00:51:08,"1,478","1,664",-186
ASM,2026-09-15 00:51:07,"2,437",389,"2,048"
JAK,2026-09-15 00:51:08,"1,572",639,933
JHK,2026-09-15 00:51:08,"1,891",409,"1,482"
KRT,2026-09-15 00:51:09,"11,774","7,796","3,978"
NGD,2026-09-15 00:51:10,114,,114
KRL,2026-09-15 00:51:10,"4,254","1,576","2,678"
MIP,2026-09-15 00:51:10,109,,109
PU,2026-09-15 00:51:11,398,,398
MHA,2026-09-15 00:51:11,"22,697","16,456","6,241"
MGA,2026-09-15 00:51:11,218,157,61
MPD,2026-09-15 00:51:11,"10,584","5,881","4,703"
RJ,2026-09-15 00:51:12,"15,641","7,900","7,741"
ODI,2026-09-15 00:51:13,"5,625","3,260","2,365"
PNB,2026-09-15 00:51:13,"13,585","5,521","8,064"
SKM,2026-09-15 00:51:13,29,,29
MZM,2026-09-15 00:51:13,70,,70
TPA,2026-09-15 00:51:14,313,52,261
UP,2026-09-15 00:51:14,"24,207","12,789","11,418"
TLG,2026-09-15 00:51:14,"7,369","5,039","2,330"
BGL,2026-09-15 00:51:14,"10,923","6,091","4,832"
TND,2026-09-15 00:51:14,"15,098","5,704","9,394"
UTK,2026-09-15 00:51:14,"1,971",986,985
ACP,2026-09-15 04:37:29,131,,131
AP,2026-09-15 04:37:28,"9,941","6,583","3,358"
ASM,2026-09-15 04:37:28,"2,105",389,"1,716"
DNH,2026-09-15 04:37:30,898,,898
CTG,2026-09-15 04:37:30,"4,992","2,573","2,419"
CHG,2026-09-15 04:37:31,218,,218
BHR,2026-09-15 04:37:31,"8,011",951,"7,060"
HP,2026-09-15 04:37:31,"1,454","1,629",-175
GOA,2026-09-15 04:37:32,500,,500
DL,2026-09-15 04:37:32,"5,060",793,"4,267"
DND,2026-09-15 04:37:32,300,,300
GJT,2026-09-15 04:37:32,"17,075","10,714","6,361"
HRN,2026-09-15 04:37:32,"10,893","3,418","7,475"
JHK,2026-09-15 04:37:33,"1,908",409,"1,499"
KRL,2026-09-15 04:37:34,"3,667",735,"2,932"
JAK,2026-09-15 04:37:34,"1,392",639,753
KRT,2026-09-15 04:37:34,"12,059","7,278","4,781"
MHA,2026-09-15 04:37:34,"22,541","15,767","6,774"
MPD,2026-09-15 04:37:34,"10,342","5,663","4,679"
ODI,2026-09-15 04:37:35,"5,398","3,260","2,138"
MGA,2026-09-15 04:37:35,217,121,96
MZM,2026-09-15 04:37:36,53,,53
MIP,2026-09-15 04:37:36,113,,113
NGD,2026-09-15 04:37:36,105,,105
SKM,2026-09-15 04:37:37,27,,27
PU,2026-09-15 04:37:37,359,,359
RJ,2026-09-15 04:37:37,"14,894","7,902","6,992"
TLG,2026-09-15 04:37:37,"7,420","4,699","2,721"
PNB,2026-09-15 04:37:37,"13,670","5,473","8,197"
UTK,2026-09-15 04:37:37,"1,816",924,892
BGL,2026-09-15 04:37:37,"9,518","5,962","3,556"
TND,2026-09-15 04:37:38,"14,326","5,330","8,996"
UP,2026-09-15 04:37:38,"22,557","12,702","9,855"
TPA,2026-09-15 04:37:38,274,52,222
ACP,2026-09-15 06:57:19,150,,150
AP,2026-09-15 06:57:19,"10,350","6,750","3,600"
CHG,2026-09-15 06:57:19,227,,227
BHR,2026-09-15 06:57:19,"7,228",895,"6,333"
ASM,2026-09-15 06:57:19,"1,706",439,"1,267"
CTG,2026-09-15 06:57:20,"5,332","2,684","2,648"
DNH,2026-09-15 06:57:21,909,,909
JAK,2026-09-15 06:57:21,"2,193",638,"1,555"
DND,2026-09-15 06:57:20,316,,316
HP,2026-09-15 06:57:21,"1,750","1,601",149
HRN,2026-09-15 06:57:21,"10,631","3,474","7,157"
GOA,2026-09-15 06:57:22,507,,507
GJT,2026-09-15 06:57:22,"17,732","10,332","7,400"
JHK,2026-09-15 06:57:22,"2,036",409,"1,627"
MPD,2026-09-15 06:57:22,"11,925","5,890","6,035"
DL,2026-09-15 06:57:22,"4,992",785,"4,207"
KRT,2026-09-15 06:57:22,"13,145","7,665","5,480"
KRL,2026-09-15 06:57:23,"4,009","1,359","2,650"
NGD,2026-09-15 06:57:23,163,,163
MGA,2026-09-15 06:57:23,313,191,122
ODI,2026-09-15 06:57:23,"5,042","3,260","1,782"
MIP,2026-09-15 06:57:24,164,,164
MHA,2026-09-15 06:57:23,"25,482","17,303","8,179"
RJ,2026-09-15 06:57:24,"15,132","8,079","7,053"
MZM,2026-09-15 06:57:24,112,,112
PU,2026-09-15 06:57:25,411,,411
TLG,2026-09-15 06:57:25,"10,824","6,009","4,815"
TND,2026-09-15 06:57:25,"16,020","6,975","9,045"
TPA,2026-09-15 06:57:25,264,55,209
BGL,2026-09-15 06:57:25,"8,329","5,670","2,659"
SKM,2026-09-15 06:57:25,71,,71
PNB,2026-09-15 06:57:25,"13,550","5,593","7,957"
UTK,2026-09-15 06:57:25,"1,972",925,"1,047"
UP,2026-09-15 06:57:25,"21,162","12,185","8,977"
ACP,2026-09-15 13:12:55,152,,152
ASM,2026-09-15 13:12:55,"1,917",436,"1,481"
BHR,2026-09-15 13:12:56,"6,411",792,"5,619"
DNH,2026-09-15 13:12:56,925,,925
AP,2026-09-15 13:12:56,"12,217","6,987","5,230"
CTG,2026-09-15 13:12:56,"4,536","3,114","1,422"
DND,2026-09-15 13:12:56,365,,365
CHG,2026-09-15 13:12:56,318,,318
DL,2026-09-15 13:12:57,"6,320",708,"5,612"
JHK,2026-09-15 13:12:58,"1,836",409,"1,427"
GOA,2026-09-15 13:12:58,493,,493
HP,2026-09-15 13:12:58,"1,604","1,337",267
GJT,2026-09-15 13:12:58,"16,348","13,164","3,184"
MPD,2026-09-15 13:12:58,"10,091","4,905","5,186"
KRT,2026-09-15 13:12:59,"18,485","10,217","8,268"
HRN,2026-09-15 13:12:59,"12,302","2,547","9,755"
MIP,2026-09-15 13:12:59,151,,151
MHA,2026-09-15 13:12:59,"24,650","15,962","8,688"
JAK,2026-09-15 13:12:59,"2,132",603,"1,529"
KRL,2026-09-15 13:12:59,"2,966",321,"2,645"
NGD,2026-09-15 13:13:00,139,,139
MZM,2026-09-15 13:13:00,89,,89
TLG,2026-09-15 13:13:01,"14,332","6,655","7,677"
SKM,2026-09-15 13:13:01,59,,59
TPA,2026-09-15 13:13:02,312,55,257
TND,2026-09-15 13:13:02,"16,379","12,122","4,257"
PNB,2026-09-15 13:13:02,"15,772","5,360","10,412"
PU,2026-09-15 13:13:02,361,,361
RJ,2026-09-15 13:13:02,"13,749","12,701","1,048"
MGA,2026-09-15 13:13:02,250,50,200
ODI,2026-09-15 13:13:02,"5,888","3,260","2,628"
UP,2026-09-15 13:13:02,"23,343","11,748","11,595"
UTK,2026-09-15 13:13:02,"1,437",821,616
BGL,2026-09-15 13:13:02,"10,802","5,366","5,436"
CHG,2026-09-15 19:02:06,307,,307
ACP,2026-09-15 19:02:04,160,,160
BHR,2026-09-15 19:02:04,"7,789",990,"6,799"
ASM,2026-09-15 19:02:04,"2,620",436,"2,184"
DND,2026-09-15 19:02:06,363,,363
CTG,2026-09-15 19:02:06,"5,078","2,695","2,383"
AP,2026-09-15 19:02:04,"9,745","6,862","2,883"
DNH,2026-09-15 19:02:07,980,,980
DL,2026-09-15 19:02:07,"6,532",838,"5,694"
HRN,2026-09-15 19:02:07,"11,591","3,676","7,915"
JAK,2026-09-15 19:02:08,"2,266",604,"1,662"
GOA,2026-09-15 19:02:08,558,,558
KRT,2026-09-15 19:02:08,"11,351","8,096","3,255"
GJT,2026-09-15 19:02:08,"19,532","10,948","8,584"
JHK,2026-09-15 19:02:09,"1,863",409,"1,454"
HP,2026-09-15 19:02:09,"1,750","1,845",-95
MHA,2026-09-15 19:02:09,"26,723","18,113","8,610"
MPD,2026-09-15 19:02:10,"12,163","5,885","6,278"
NGD,2026-09-15 19:02:11,157,,157
KRL,2026-09-15 19:02:11,"4,368","1,602","2,766"
MIP,2026-09-15 19:02:11,134,,134
MZM,2026-09-15 19:02:11,113,,113
MGA,2026-09-15 19:02:11,348,267,81
ODI,2026-09-15 19:02:12,"6,133","3,260","2,873"
PNB,2026-09-15 19:02:12,"12,657","5,149","7,508"
PU,2026-09-15 19:02:12,509,,509
RJ,2026-09-15 19:02:12,"14,731","8,082","6,649"
SKM,2026-09-15 19:02:13,83,,83
TLG,2026-09-15 19:02:13,"9,625","6,118","3,507"
TND,2026-09-15 19:02:13,"18,930","7,339","11,591"
UP,2026-09-15 19:02:13,"22,375","12,578","9,797"
TPA,2026-09-15 19:02:13,362,49,313
UTK,2026-09-15 19:02:13,"2,103",911,"1,192"
BGL,2026-09-15 19:02:13,"10,808","6,058","4,750"
AP,2026-09-15 23:40:51,"10,096","6,974","3,122"
ACP,2026-09-15 23:40:52,133,,133
CHG,2026-09-15 23:40:53,282,,282
BHR,2026-09-15 23:40:52,"8,282","1,037","7,245"
ASM,2026-09-15 23:40:52,"2,425",436,"1,989"
DND,2026-09-15 23:40:54,348,,348
CTG,2026-09-15 23:40:53,"5,123","2,716","2,407"
DNH,2026-09-15 23:40:54,956,,956
HRN,2026-09-15 23:40:55,"11,766","3,609","8,157"
HP,2026-09-15 23:40:55,"1,455","1,720",-265
GOA,2026-09-15 23:40:55,547,,547
JAK,2026-09-15 23:40:55,"1,798",603,"1,195"
DL,2026-09-15 23:40:55,"6,852","1,172","5,680"
GJT,2026-09-15 23:40:56,"19,094","11,215","7,879"
KRL,2026-09-15 23:40:56,"4,488","1,651","2,837"
JHK,2026-09-15 23:40:56,"1,836",409,"1,427"
MPD,2026-09-15 23:40:57,"11,108","5,707","5,401"
MZM,2026-09-15 23:40:58,79,,79
MGA,2026-09-15 23:40:58,242,280,-38
MIP,2026-09-15 23:40:58,123,,123
MHA,2026-09-15 23:40:58,"24,389","16,807","7,582"
KRT,2026-09-15 23:40:58,"11,407","8,280","3,127"
NGD,2026-09-15 23:40:58,118,,118
RJ,2026-09-15 23:40:58,"15,371","8,179","7,192"
ODI,2026-09-15 23:40:59,"6,275","3,260","3,015"
SKM,2026-09-15 23:40:59,33,,33
TPA,2026-09-15 23:40:59,343,56,287
UTK,2026-09-15 23:40:59,"1,994",989,"1,005"
PU,2026-09-15 23:41:00,481,,481
PNB,2026-09-15 23:41:00,"12,531","5,507","7,024"
TND,2026-09-15 23:41:00,"17,660","6,153","11,507"
UP,2026-09-15 23:41:00,"24,163","12,639","11,524"
TLG,2026-09-15 23:41:00,"8,602","5,406","3,196"
BGL,2026-09-15 23:41:00,"10,807","6,085","4,722"
DNH,2026-09-16 02:53:03,943,,943
BHR,2026-09-16 02:53:02,"7,450",854,"6,596"
CHG,2026-09-16 02:53:03,229,,229
AP,2026-09-16 02:53:00,"9,552","6,421","3,131"
ASM,2026-09-16 02:53:02,"2,215",436,"1,779"
ACP,2026-09-16 02:53:03,106,,106
CTG,2026-09-16 02:53:03,"5,307","2,673","2,634"
DL,2026-09-16 02:53:03,"5,540",976,"4,564"
GJT,2026-09-16 02:53:06,"17,910","10,597","7,313"
DND,2026-09-16 02:53:06,343,,343
HRN,2026-09-16 02:53:06,"10,944","3,547","7,397"
GOA,2026-09-16 02:53:06,511,,511
KRL,2026-09-16 02:53:06,"3,949","1,410","2,539"
JHK,2026-09-16 02:53:06,"1,831",409,"1,422"
HP,2026-09-16 02:53:06,"1,405","1,280",125
JAK,2026-09-16 02:53:07,"1,454",603,851
MPD,2026-09-16 02:53:07,"10,486","5,333","5,153"
KRT,2026-09-16 02:53:07,"10,388","6,619","3,769"
MIP,2026-09-16 02:53:09,102,,102
MHA,2026-09-16 02:53:09,"23,994","16,130","7,864"
MGA,2026-09-16 02:53:10,218,186,32
PU,2026-09-16 02:53:10,422,,422
PNB,2026-09-16 02:53:10,"12,721","5,455","7,266"
NGD,2026-09-16 02:53:10,99,,99
RJ,2026-09-16 02:53:10,"15,114","7,909","7,205"
MZM,2026-09-16 02:53:10,58,,58
ODI,2026-09-16 02:53:10,"5,773","3,260","2,513"
TLG,2026-09-16 02:53:11,"8,410","5,253","3,157"
UTK,2026-09-16 02:53:11,"1,839",958,881
BGL,2026-09-16 02:53:12,"9,993","5,590","4,403"
SKM,2026-09-16 02:53:12,25,,25
TPA,2026-09-16 02:53:12,290,53,237
UP,2026-09-16 02:53:12,"22,930","12,837","10,093"
TND,2026-09-16 02:53:12,"16,066","6,374","9,692"
AP,2026-09-16 05:48:13,"10,052","6,584","3,468"
BHR,2026-09-16 05:48:14,"7,407",865,"6,542"
DNH,2026-09-16 05:48:14,942,,942
ASM,2026-09-16 05:48:13,"1,651",436,"1,215"
ACP,2026-09-16 05:48:14,117,,117
CHG,2026-09-16 05:48:15,212,,212
CTG,2026-09-16 05:48:15,"5,526","2,695","2,831"
DND,2026-09-16 05:48:15,338,,338
DL,2026-09-16 05:48:15,"5,026",979,"4,047"
GJT,2026-09-16 05:48:16,"17,895","10,926","6,969"
KRT,2026-09-16 05:48:16,"11,241","6,571","4,670"
HP,2026-09-16 05:48:16,"1,532","1,630",-98
MPD,2026-09-16 05:48:17,"11,029","5,574","5,455"
GOA,2026-09-16 05:48:17,502,,502
JAK,2026-09-16 05:48:17,"2,038",602,"1,436"
HRN,2026-09-16 05:48:18,"11,575","3,543","8,032"
MGA,2026-09-16 05:48:18,269,175,94
JHK,2026-09-16 05:48:18,"2,039",409,"1,630"
NGD,2026-09-16 05:48:18,155,,155
KRL,2026-09-16 05:48:18,"3,884","1,082","2,802"
MZM,2026-09-16 05:48:18,75,,75
MIP,2026-09-16 05:48:18,163,,163
MHA,2026-09-16 05:48:18,"25,584","17,064","8,520"
UP,2026-09-16 05:48:20,"21,461","12,657","8,804"
PU,2026-09-16 05:48:20,429,,429
TPA,2026-09-16 05:48:20,245,53,192
TND,2026-09-16 05:48:20,"16,008","6,283","9,725"
TLG,2026-09-16 05:48:20,"9,011","5,460","3,551"
BGL,2026-09-16 05:48:21,"8,729","5,594","3,135"
UTK,2026-09-16 05:48:21,"1,952",957,995
ODI,2026-09-16 05:48:21,"5,442","3,260","2,182"
PNB,2026-09-16 05:48:21,"12,463","5,414","7,049"
SKM,2026-09-16 05:48:21,48,,48
RJ,2026-09-16 05:48:21,"15,386","7,717","7,669"
BHR,2026-09-16 11:29:51,"7,072","1,021","6,051"
ACP,2026-09-16 11:29:51,128,,128
CHG,2026-09-16 11:29:52,300,,300
AP,2026-09-16 11:29:52,"12,602","7,456","5,146"
ASM,2026-09-16 11:29:53,"1,665",436,"1,229"
CTG,2026-09-16 11:29:53,"5,281","3,481","1,800"
DNH,2026-09-16 11:29:54,989,,989
DND,2026-09-16 11:29:54,401,,401
GOA,2026-09-16 11:29:54,549,,549
HRN,2026-09-16 11:29:55,"12,262","2,425","9,837"
DL,2026-09-16 11:29:55,"6,342",977,"5,365"
HP,2026-09-16 11:29:55,"1,646","1,205",441
GJT,2026-09-16 11:29:55,"16,546","13,128","3,418"
KRT,2026-09-16 11:29:55,"17,813","10,164","7,649"
KRL,2026-09-16 11:29:55,"2,969",249,"2,720"
JAK,2026-09-16 11:29:56,"2,242",595,"1,647"
JHK,2026-09-16 11:29:56,"1,943",409,"1,534"
ODI,2026-09-16 11:29:57,"6,339","3,260","3,079"
MPD,2026-09-16 11:29:57,"10,681","5,461","5,220"
MHA,2026-09-16 11:29:57,"27,282","18,515","8,767"
MIP,2026-09-16 11:29:57,149,,149
PU,2026-09-16 11:29:58,389,,389
MGA,2026-09-16 11:29:58,250,50,200
NGD,2026-09-16 11:29:58,135,,135
PNB,2026-09-16 11:29:59,"15,979","5,381","10,598"
MZM,2026-09-16 11:29:59,89,,89
TND,2026-09-16 11:29:59,"16,919","12,791","4,128"
TLG,2026-09-16 11:29:59,"16,129","7,779","8,350"
RJ,2026-09-16 11:29:59,"14,158","11,534","2,624"
TPA,2026-09-16 11:30:00,256,51,205
SKM,2026-09-16 11:30:00,64,,64
UP,2026-09-16 11:30:00,"24,872","13,534","11,338"
BGL,2026-09-16 11:30:01,"10,647","5,264","5,383"
UTK,2026-09-16 11:30:01,"1,560",874,686
ACP,2026-09-16 16:59:58,151,,151
ASM,2026-09-16 16:59:58,"2,016",436,"1,580"
AP,2026-09-16 16:59:58,"11,359","6,524","4,835"
BHR,2026-09-16 16:59:59,"5,300",676,"4,624"
DND,2026-09-16 16:59:59,399,,399
CTG,2026-09-16 17:00:00,"5,688","3,018","2,670"
CHG,2026-09-16 16:59:59,330,,330
GOA,2026-09-16 17:00:00,582,,582
DL,2026-09-16 17:00:02,"6,880","1,171","5,709"
GJT,2026-09-16 17:00:03,"19,017","15,222","3,795"
DNH,2026-09-16 17:00:03,"1,005",,"1,005"
KRL,2026-09-16 17:00:03,"4,364","1,171","3,193"
KRT,2026-09-16 17:00:03,"15,556","7,919","7,637"
HP,2026-09-16 17:00:04,"1,637","1,489",148
HRN,2026-09-16 17:00:04,"12,358","3,373","8,985"
MPD,2026-09-16 17:00:05,"11,562","6,304","5,258"
JAK,2026-09-16 17:00:05,"2,204",593,"1,611"
JHK,2026-09-16 17:00:05,"1,628",409,"1,219"
MHA,2026-09-16 17:00:05,"29,411","19,254","10,157"
MIP,2026-09-16 17:00:05,167,,167
MZM,2026-09-16 17:00:06,137,,137
MGA,2026-09-16 17:00:07,271,184,87
NGD,2026-09-16 17:00:07,144,,144
PNB,2026-09-16 17:00:07,"13,510","5,186","8,324"
RJ,2026-09-16 17:00:08,"16,252","9,831","6,421"
ODI,2026-09-16 17:00:08,"5,795","3,260","2,535"
SKM,2026-09-16 17:00:08,72,,72
TND,2026-09-16 17:00:08,"20,120","8,927","11,193"
PU,2026-09-16 17:00:08,459,,459
TPA,2026-09-16 17:00:09,276,53,223
TLG,2026-09-16 17:00:09,"14,345","7,112","7,233"
UTK,2026-09-16 17:00:09,"1,984",929,"1,055"
UP,2026-09-16 17:00:10,"21,135","12,664","8,471"
BGL,2026-09-16 17:00:10,"10,699","5,548","5,151"
ASM,2026-09-16 22:23:10,"2,244",436,"1,808"
ACP,2026-09-16 22:23:10,147,,147
BHR,2026-09-16 22:23:11,"8,112","1,037","7,075"
CHG,2026-09-16 22:23:11,320,,320
AP,2026-09-16 22:23:11,"11,046","6,860","4,186"
GOA,2026-09-16 22:23:12,543,,543
CTG,2026-09-16 22:23:13,"5,330","2,855","2,475"
JAK,2026-09-16 22:23:13,"2,178",763,"1,415"
DNH,2026-09-16 22:23:13,980,,980
DL,2026-09-16 22:23:14,"7,110","1,340","5,770"
DND,2026-09-16 22:23:14,363,,363
GJT,2026-09-16 22:23:14,"19,530","13,054","6,476"
HRN,2026-09-16 22:23:15,"12,313","3,712","8,601"
HP,2026-09-16 22:23:15,"1,532","1,722",-190
JHK,2026-09-16 22:23:15,"1,901",409,"1,492"
MHA,2026-09-16 22:23:16,"26,242","17,963","8,279"
MZM,2026-09-16 22:23:16,91,,91
MPD,2026-09-16 22:23:16,"11,444","5,779","5,665"
MIP,2026-09-16 22:23:16,136,,136
KRT,2026-09-16 22:23:16,"11,381","8,427","2,954"
MGA,2026-09-16 22:23:17,255,259,-4
NGD,2026-09-16 22:23:17,131,,131
KRL,2026-09-16 22:23:17,"4,690","1,657","3,033"
PU,2026-09-16 22:23:17,521,,521
ODI,2026-09-16 22:23:18,"6,461","3,260","3,201"
PNB,2026-09-16 22:23:18,"12,244","5,361","6,883"
TPA,2026-09-16 22:23:19,311,52,259
TND,2026-09-16 22:23:19,"19,340","8,020","11,320"
RJ,2026-09-16 22:23:19,"15,167","8,480","6,687"
SKM,2026-09-16 22:23:19,65,,65
UP,2026-09-16 22:23:19,"25,238","13,592","11,646"
UTK,2026-09-16 22:23:19,"2,189",982,"1,207"
BGL,2026-09-16 22:23:19,"11,399","5,768","5,631"
TLG,2026-09-16 22:23:19,"9,701","6,506","3,195"
ACP,2026-09-17 01:36:50,127,,127
BHR,2026-09-17 01:36:51,"7,473",988,"6,485"
ASM,2026-09-17 01:36:49,"1,887",436,"1,451"
CHG,2026-09-17 01:36:50,269,,269
DND,2026-09-17 01:36:51,356,,356
CTG,2026-09-17 01:36:52,"4,984","2,693","2,291"
DNH,2026-09-17 01:36:51,963,,963
AP,2026-09-17 01:36:51,"10,422","7,346","3,076"
DL,2026-09-17 01:36:53,"6,362","1,305","5,057"
HP,2026-09-17 01:36:53,"1,430","1,385",45
HRN,2026-09-17 01:36:53,"11,417","3,688","7,729"
GOA,2026-09-17 01:36:53,548,,548
GJT,2026-09-17 01:36:54,"18,588","12,399","6,189"
KRL,2026-09-17 01:36:54,"4,409","1,508","2,901"
JHK,2026-09-17 01:36:54,"1,731",409,"1,322"
KRT,2026-09-17 01:36:55,"10,798","7,442","3,356"
JAK,2026-09-17 01:36:55,"1,399",763,636
MPD,2026-09-17 01:36:55,"11,156","5,355","5,801"
MHA,2026-09-17 01:36:56,"25,266","16,688","8,578"
MZM,2026-09-17 01:36:56,61,,61
NGD,2026-09-17 01:36:56,99,,99
MGA,2026-09-17 01:36:57,186,174,12
PNB,2026-09-17 01:36:57,"12,121","5,215","6,906"
MIP,2026-09-17 01:36:57,101,,101
SKM,2026-09-17 01:36:57,45,,45
ODI,2026-09-17 01:36:57,"5,989","3,260","2,729"
RJ,2026-09-17 01:36:58,"14,323","7,784","6,539"
TPA,2026-09-17 01:36:58,254,96,158
PU,2026-09-17 01:36:58,442,,442
UP,2026-09-17 01:36:58,"24,021","13,106","10,915"
BGL,2026-09-17 01:36:59,"10,616","6,090","4,526"
TLG,2026-09-17 01:36:59,"8,850","5,704","3,146"
TND,2026-09-17 01:36:59,"17,215","7,693","9,522"
UTK,2026-09-17 01:36:59,"1,872",923,949
ASM,2026-09-17 04:25:40,"1,615",436,"1,179"
CHG,2026-09-17 04:25:41,248,,248
CTG,2026-09-17 04:25:41,"5,341","2,675","2,666"
AP,2026-09-17 04:25:41,"10,371","6,988","3,383"
ACP,2026-09-17 04:25:40,111,,111
BHR,2026-09-17 04:25:42,"7,085","1,026","6,059"
GJT,2026-09-17 04:25:42,"17,671","11,399","6,272"
HRN,2026-09-17 04:25:42,"7,022","3,245","3,777"
DNH,2026-09-17 04:25:42,964,,964
DND,2026-09-17 04:25:43,345,,345
DL,2026-09-17 04:25:44,"5,311","1,257","4,054"
GOA,2026-09-17 04:25:44,518,,518
JAK,2026-09-17 04:25:44,"1,002",760,242
HP,2026-09-17 04:25:44,"1,332","1,213",119
KRL,2026-09-17 04:25:45,"3,815","1,006","2,809"
MPD,2026-09-17 04:25:45,"10,752","5,380","5,372"
KRT,2026-09-17 04:25:45,"10,374","6,649","3,725"
MHA,2026-09-17 04:25:46,"25,170","16,302","8,868"
MIP,2026-09-17 04:25:46,101,,101
JHK,2026-09-17 04:25:46,"1,620",409,"1,211"
MZM,2026-09-17 04:25:46,55,,55
MGA,2026-09-17 04:25:47,173,85,88
PU,2026-09-17 04:25:47,356,,356
PNB,2026-09-17 04:25:47,"10,923","5,138","5,785"
NGD,2026-09-17 04:25:48,91,,91
RJ,2026-09-17 04:25:48,"13,986","7,655","6,331"
SKM,2026-09-17 04:25:48,40,,40
TLG,2026-09-17 04:25:48,"8,962","5,546","3,416"
ODI,2026-09-17 04:25:48,"5,611","3,260","2,351"
TND,2026-09-17 04:25:48,"16,335","6,326","10,009"
TPA,2026-09-17 04:25:49,230,97,133
BGL,2026-09-17 04:25:49,"9,539","5,813","3,726"
UP,2026-09-17 04:25:49,"22,517","13,085","9,432"
UTK,2026-09-17 04:25:49,"1,763",922,841
CTG,2026-09-17 06:54:14,"5,426","2,746","2,680"
BHR,2026-09-17 06:54:13,"6,897",829,"6,068"
CHG,2026-09-17 06:54:13,247,,247
ACP,2026-09-17 06:54:13,139,,139
ASM,2026-09-17 06:54:13,"1,425",436,989
DND,2026-09-17 06:54:14,345,,345
AP,2026-09-17 06:54:12,"10,799","7,663","3,136"
DNH,2026-09-17 06:54:14,953,,953
GJT,2026-09-17 06:54:14,"18,259","11,235","7,024"
DL,2026-09-17 06:54:15,"4,803","1,094","3,709"
GOA,2026-09-17 06:54:16,512,,512
HP,2026-09-17 06:54:17,"1,514","1,241",273
HRN,2026-09-17 06:54:17,"8,746","2,559","6,187"
JHK,2026-09-17 06:54:17,"1,961",409,"1,552"
MHA,2026-09-17 06:54:17,"27,728","17,681","10,047"
KRL,2026-09-17 06:54:18,"4,134","1,410","2,724"
KRT,2026-09-17 06:54:18,"13,206","7,783","5,423"
MIP,2026-09-17 06:54:18,181,,181
JAK,2026-09-17 06:54:18,"1,356",759,597
NGD,2026-09-17 06:54:18,155,,155
MPD,2026-09-17 06:54:19,"12,316","5,844","6,472"
ODI,2026-09-17 06:54:19,"5,097","3,260","1,837"
MGA,2026-09-17 06:54:19,265,150,115
MZM,2026-09-17 06:54:19,103,,103
PU,2026-09-17 06:54:20,391,,391
PNB,2026-09-17 06:54:20,"11,278","5,263","6,015"
SKM,2026-09-17 06:54:21,76,,76
TND,2026-09-17 06:54:21,"17,178","6,738","10,440"
TLG,2026-09-17 06:54:21,"12,263","7,172","5,091"
TPA,2026-09-17 06:54:21,222,97,125
UP,2026-09-17 06:54:21,"20,834","12,711","8,123"
UTK,2026-09-17 06:54:21,"1,727",924,803
RJ,2026-09-17 06:54:21,"15,650","8,131","7,519"
BGL,2026-09-17 06:54:21,"8,250","6,600","1,650"
DND,2026-09-17 13:07:30,351,,351
CTG,2026-09-17 13:07:29,"4,584","3,074","1,510"
DNH,2026-09-17 13:07:30,924,,924
ASM,2026-09-17 13:07:29,"1,635",436,"1,199"
AP,2026-09-17 13:07:28,"13,066","7,739","5,327"
BHR,2026-09-17 13:07:29,"7,125","1,036","6,089"
CHG,2026-09-17 13:07:31,293,,293
ACP,2026-09-17 13:07:29,138,,138
GOA,2026-09-17 13:07:31,543,,543
DL,2026-09-17 13:07:31,"5,948","1,100","4,848"
GJT,2026-09-17 13:07:31,"16,883","14,290","2,593"
HP,2026-09-17 13:07:32,"1,247","1,379",-132
JAK,2026-09-17 13:07:32,"1,824",763,"1,061"
JHK,2026-09-17 13:07:33,"1,676",409,"1,267"
HRN,2026-09-17 13:07:33,"10,762","2,620","8,142"
KRL,2026-09-17 13:07:33,"3,214",312,"2,902"
KRT,2026-09-17 13:07:34,"18,145","9,904","8,241"
MGA,2026-09-17 13:07:34,193,25,168
NGD,2026-09-17 13:07:34,131,,131
MIP,2026-09-17 13:07:34,142,,142
MZM,2026-09-17 13:07:35,90,,90
MPD,2026-09-17 13:07:35,"10,638","5,126","5,512"
MHA,2026-09-17 13:07:35,"28,244","17,913","10,331"
RJ,2026-09-17 13:07:35,"13,938","11,970","1,968"
ODI,2026-09-17 13:07:35,"5,933","3,260","2,673"
PU,2026-09-17 13:07:35,353,,353
SKM,2026-09-17 13:07:36,54,,54
TND,2026-09-17 13:07:36,"16,408","14,578","1,830"
UTK,2026-09-17 13:07:36,"1,554",923,631
PNB,2026-09-17 13:07:37,"14,230","4,467","9,763"
TLG,2026-09-17 13:07:37,"16,964","7,095","9,869"
BGL,2026-09-17 13:07:37,"10,776","5,650","5,126"
UP,2026-09-17 13:07:37,"22,767","12,082","10,685"
TPA,2026-09-17 13:07:37,236,102,134
DNH,2026-09-17 18:56:09,895,,895
ASM,2026-09-17 18:56:08,"2,279",436,"1,843"
CTG,2026-09-17 18:56:09,"5,176","2,725","2,451"
CHG,2026-09-17 18:56:08,305,,305
AP,2026-09-17 18:56:08,"10,947","7,337","3,610"
ACP,2026-09-17 18:56:09,176,,176
BHR,2026-09-17 18:56:08,"8,000","1,021","6,979"
GOA,2026-09-17 18:56:10,600,,600
DL,2026-09-17 18:56:10,"6,347","1,136","5,211"
DND,2026-09-17 18:56:10,374,,374
GJT,2026-09-17 18:56:11,"20,942","13,733","7,209"
JAK,2026-09-17 18:56:11,"2,327",913,"1,414"
HRN,2026-09-17 18:56:11,"11,110","3,486","7,624"
JHK,2026-09-17 18:56:11,"1,964",409,"1,555"
HP,2026-09-17 18:56:12,"1,508","1,562",-54
MHA,2026-09-17 18:56:13,"27,823","17,783","10,040"
MIP,2026-09-17 18:56:13,189,,189
ODI,2026-09-17 18:56:13,"6,059","3,260","2,799"
MGA,2026-09-17 18:56:13,308,202,106
PU,2026-09-17 18:56:13,483,,483
MZM,2026-09-17 18:56:13,130,,130
NGD,2026-09-17 18:56:13,163,,163
KRL,2026-09-17 18:56:13,"4,906","1,639","3,267"
KRT,2026-09-17 18:56:14,"12,059","8,430","3,629"
SKM,2026-09-17 18:56:14,75,,75
MPD,2026-09-17 18:56:14,"11,845","5,681","6,164"
PNB,2026-09-17 18:56:14,"12,757","4,679","8,078"
RJ,2026-09-17 18:56:15,"13,419","7,422","5,997"
TND,2026-09-17 18:56:15,"19,278","7,883","11,395"
UP,2026-09-17 18:56:15,"23,699","13,356","10,343"
BGL,2026-09-17 18:56:15,"9,702","6,482","3,220"
TLG,2026-09-17 18:56:15,"10,599","6,967","3,632"
TPA,2026-09-17 18:56:15,317,106,211
UTK,2026-09-17 18:56:15,"2,265",982,"1,283"
ASM,2026-09-17 23:42:28,"2,115",436,"1,679"
ACP,2026-09-17 23:42:28,131,,131
CHG,2026-09-17 23:42:29,270,,270
CTG,2026-09-17 23:42:29,"5,502","2,786","2,716"
AP,2026-09-17 23:42:30,"10,979","8,016","2,963"
BHR,2026-09-17 23:42:30,"8,227",970,"7,257"
DL,2026-09-17 23:42:30,"6,330","1,262","5,068"
DNH,2026-09-17 23:42:30,913,,913
GOA,2026-09-17 23:42:30,571,,571
DND,2026-09-17 23:42:30,351,,351
GJT,2026-09-17 23:42:31,"19,492","11,841","7,651"
HP,2026-09-17 23:42:32,"1,307","1,371",-64
MPD,2026-09-17 23:42:32,"10,966","5,806","5,160"
JHK,2026-09-17 23:42:32,"1,822",409,"1,413"
HRN,2026-09-17 23:42:33,"10,898","3,742","7,156"
MIP,2026-09-17 23:42:33,107,,107
MGA,2026-09-17 23:42:33,194,165,29
MHA,2026-09-17 23:42:33,"25,555","17,041","8,514"
KRL,2026-09-17 23:42:33,"4,730","1,621","3,109"
KRT,2026-09-17 23:42:34,"11,646","7,963","3,683"
JAK,2026-09-17 23:42:34,"1,695","1,061",634
ODI,2026-09-17 23:42:35,"6,102","3,260","2,842"
NGD,2026-09-17 23:42:35,100,,100
MZM,2026-09-17 23:42:35,71,,71
RJ,2026-09-17 23:42:35,"13,850","7,478","6,372"
PNB,2026-09-17 23:42:36,"11,766","4,732","7,034"
TND,2026-09-17 23:42:36,"18,213","6,407","11,806"
SKM,2026-09-17 23:42:37,30,,30
UP,2026-09-17 23:42:37,"26,399","14,109","12,290"
PU,2026-09-17 23:42:37,461,,461
TLG,2026-09-17 23:42:37,"9,490","6,002","3,488"
UTK,2026-09-17 23:42:37,"2,019",982,"1,037"
TPA,2026-09-17 23:42:37,289,105,184
BGL,2026-09-17 23:42:37,"10,012","5,882","4,130"
ACP,2026-09-18 02:56:14,113,,113
BHR,2026-09-18 02:56:15,"7,535",855,"6,680"
CHG,2026-09-18 02:56:17,216,,216
ASM,2026-09-18 02:56:16,"1,797",350,"1,447"
CTG,2026-09-18 02:56:17,"5,205","2,705","2,500"
AP,2026-09-18 02:56:16,"10,337","7,320","3,017"
DNH,2026-09-18 02:56:17,905,,905
HRN,2026-09-18 02:56:18,"10,133","3,551","6,582"
DND,2026-09-18 02:56:18,347,,347
GOA,2026-09-18 02:56:18,540,,540
DL,2026-09-18 02:56:19,"5,102","1,094","4,008"
GJT,2026-09-18 02:56:19,"18,171","11,440","6,731"
HP,2026-09-18 02:56:20,"1,177","1,044",133
JAK,2026-09-18 02:56:21,"1,370","1,061",309
MHA,2026-09-18 02:56:21,"24,424","16,018","8,406"
JHK,2026-09-18 02:56:22,"1,614",409,"1,205"
MZM,2026-09-18 02:56:22,58,,58
MPD,2026-09-18 02:56:22,"10,244","5,676","4,568"
MIP,2026-09-18 02:56:22,95,,95
KRL,2026-09-18 02:56:23,"3,873",298,"3,575"
MGA,2026-09-18 02:56:23,190,128,62
ODI,2026-09-18 02:56:23,"5,620","3,260","2,360"
NGD,2026-09-18 02:56:23,84,,84
PNB,2026-09-18 02:56:23,"11,461","4,747","6,714"
KRT,2026-09-18 02:56:23,"11,400","7,005","4,395"
PU,2026-09-18 02:56:23,381,,381
TND,2026-09-18 02:56:25,"16,223","5,889","10,334"
SKM,2026-09-18 02:56:25,22,,22
UP,2026-09-18 02:56:25,"23,285","13,038","10,247"
RJ,2026-09-18 02:56:25,"12,655","7,296","5,359"
UTK,2026-09-18 02:56:26,"1,910",924,986
TPA,2026-09-18 02:56:26,246,104,142
BGL,2026-09-18 02:56:26,"8,808","6,089","2,719"
TLG,2026-09-18 02:56:26,"8,945","5,293","3,652"
ASM,2026-09-18 05:46:23,"1,534",354,"1,180"
DNH,2026-09-18 05:46:24,905,,905
ACP,2026-09-18 05:46:22,125,,125
BHR,2026-09-18 05:46:24,"7,154",868,"6,286"
CHG,2026-09-18 05:46:24,204,,204
AP,2026-09-18 05:46:25,"10,508","7,527","2,981"
CTG,2026-09-18 05:46:24,"5,362","2,731","2,631"
DND,2026-09-18 05:46:24,336,,336
GJT,2026-09-18 05:46:26,"17,777","10,792","6,985"
GOA,2026-09-18 05:46:25,529,,529
DL,2026-09-18 05:46:26,"4,662","1,095","3,567"
HRN,2026-09-18 05:46:26,"10,167","3,538","6,629"
JAK,2026-09-18 05:46:27,"1,973","1,060",913
HP,2026-09-18 05:46:27,"1,275","1,410",-135
KRT,2026-09-18 05:46:28,"11,270","6,128","5,142"
JHK,2026-09-18 05:46:28,"1,833",409,"1,424"
MGA,2026-09-18 05:46:28,222,109,113
MZM,2026-09-18 05:46:28,73,,73
MIP,2026-09-18 05:46:28,169,,169
MPD,2026-09-18 05:46:28,"10,853","5,870","4,983"
KRL,2026-09-18 05:46:29,"3,816",392,"3,424"
ODI,2026-09-18 05:46:29,"5,287","3,260","2,027"
MHA,2026-09-18 05:46:29,"25,394","16,079","9,315"
NGD,2026-09-18 05:46:29,157,,157
PNB,2026-09-18 05:46:30,"11,631","4,767","6,864"
RJ,2026-09-18 05:46:30,"13,585","7,314","6,271"
PU,2026-09-18 05:46:31,375,,375
TLG,2026-09-18 05:46:31,"9,470","5,789","3,681"
UTK,2026-09-18 05:46:31,"1,796",919,877
UP,2026-09-18 05:46:31,"21,947","13,337","8,610"
TPA,2026-09-18 05:46:32,218,105,113
TND,2026-09-18 05:46:32,"15,964","7,086","8,878"
BGL,2026-09-18 05:46:32,"7,549","6,207","1,342"
SKM,2026-09-18 05:46:32,34,,34
BHR,2026-09-18 11:24:38,"7,188",974,"6,214"
AP,2026-09-18 11:24:38,"12,447","7,505","4,942"
ACP,2026-09-18 11:24:38,142,,142
CHG,2026-09-18 11:24:39,265,,265
CTG,2026-09-18 11:24:40,"5,186","3,268","1,918"
ASM,2026-09-18 11:24:40,"1,587",436,"1,151"
DND,2026-09-18 11:24:40,402,,402
DL,2026-09-18 11:24:40,"5,688","1,098","4,590"
GJT,2026-09-18 11:24:41,"18,760","11,789","6,971"
HRN,2026-09-18 11:24:41,"11,071","2,662","8,409"
DNH,2026-09-18 11:24:41,"1,000",,"1,000"
JAK,2026-09-18 11:24:42,"2,109",909,"1,200"
KRL,2026-09-18 11:24:42,"3,264",266,"2,998"
MPD,2026-09-18 11:24:42,"11,268","4,703","6,565"
HP,2026-09-18 11:24:42,"1,543","1,099",444
GOA,2026-09-18 11:24:43,562,,562
MHA,2026-09-18 11:24:43,"27,709","16,483","11,226"
MGA,2026-09-18 11:24:43,247,28,219
JHK,2026-09-18 11:24:43,"1,911",409,"1,502"
PU,2026-09-18 11:24:44,384,,384
KRT,2026-09-18 11:24:44,"18,121","10,799","7,322"
MIP,2026-09-18 11:24:45,147,,147
RJ,2026-09-18 11:24:45,"11,935","12,309",-374
MZM,2026-09-18 11:24:45,91,,91
SKM,2026-09-18 11:24:46,64,,64
NGD,2026-09-18 11:24:46,119,,119
TLG,2026-09-18 11:24:46,"16,657","7,226","9,431"
ODI,2026-09-18 11:24:46,"6,335","3,260","3,075"
TPA,2026-09-18 11:24:46,266,105,161
PNB,2026-09-18 11:24:46,"15,298","4,655","10,643"
TND,2026-09-18 11:24:46,"17,054","14,496","2,558"
UP,2026-09-18 11:24:46,"22,180","13,311","8,869"
BGL,2026-09-18 11:24:47,"9,366","5,766","3,600"
UTK,2026-09-18 11:24:47,"1,581",866,715
ACP,2026-09-18 16:41:41,158,,158
AP,2026-09-18 16:41:41,"12,073","7,381","4,692"
CHG,2026-09-18 16:41:41,302,,302
CTG,2026-09-18 16:41:41,"5,829","2,991","2,838"
DNH,2026-09-18 16:41:42,"1,004",,"1,004"
ASM,2026-09-18 16:41:42,"1,969",436,"1,533"
GJT,2026-09-18 16:41:42,"18,447","12,621","5,826"
BHR,2026-09-18 16:41:43,"6,874",786,"6,088"
DL,2026-09-18 16:41:43,"6,447","1,123","5,324"
GOA,2026-09-18 16:41:43,608,,608
JAK,2026-09-18 16:41:44,"2,088",901,"1,187"
HP,2026-09-18 16:41:44,"1,599","1,218",381
JHK,2026-09-18 16:41:44,"1,788",409,"1,379"
KRT,2026-09-18 16:41:44,"15,285","8,662","6,623"
HRN,2026-09-18 16:41:44,"11,757","3,716","8,041"
KRL,2026-09-18 16:41:45,"4,378",499,"3,879"
DND,2026-09-18 16:41:45,399,,399
MHA,2026-09-18 16:41:45,"27,828","17,674","10,154"
MIP,2026-09-18 16:41:45,200,,200
MPD,2026-09-18 16:41:45,"11,422","6,236","5,186"
NGD,2026-09-18 16:41:46,174,,174
MZM,2026-09-18 16:41:46,127,,127
ODI,2026-09-18 16:41:46,"5,601","3,260","2,341"
PU,2026-09-18 16:41:47,448,,448
TPA,2026-09-18 16:41:47,276,105,171
TND,2026-09-18 16:41:47,"19,702","10,279","9,423"
PNB,2026-09-18 16:41:47,"15,258","4,799","10,459"
UP,2026-09-18 16:41:47,"20,913","13,499","7,414"
MGA,2026-09-18 16:41:48,267,50,217
RJ,2026-09-18 16:41:48,"13,170","9,659","3,511"
SKM,2026-09-18 16:41:48,70,,70
TLG,2026-09-18 16:41:48,"15,994","6,963","9,031"
BGL,2026-09-18 16:41:48,"8,563","6,047","2,516"
UTK,2026-09-18 16:41:48,"1,889",863,"1,026"
DNH,2026-09-18 20:31:03,978,,978
AP,2026-09-18 20:31:02,"11,252","7,322","3,930"
CHG,2026-09-18 20:31:02,302,,302
ACP,2026-09-18 20:31:01,180,,180
BHR,2026-09-18 20:31:02,"8,615","1,033","7,582"
ASM,2026-09-18 20:31:02,"2,488",436,"2,052"
CTG,2026-09-18 20:31:02,"4,874","2,717","2,157"
DND,2026-09-18 20:31:03,362,,362
DL,2026-09-18 20:31:04,"6,211","1,156","5,055"
GOA,2026-09-18 20:31:04,603,,603
JAK,2026-09-18 20:31:05,"2,268",752,"1,516"
HP,2026-09-18 20:31:05,"1,612","1,364",248
GJT,2026-09-18 20:31:05,"19,242","11,340","7,902"
HRN,2026-09-18 20:31:06,"12,012","3,794","8,218"
KRT,2026-09-18 20:31:07,"11,970","8,664","3,306"
KRL,2026-09-18 20:31:07,"4,998","1,776","3,222"
JHK,2026-09-18 20:31:07,"2,078",409,"1,669"
MIP,2026-09-18 20:31:08,171,,171
MPD,2026-09-18 20:31:08,"11,620","5,897","5,723"
MZM,2026-09-18 20:31:08,115,,115
ODI,2026-09-18 20:31:08,"6,297","3,260","3,037"
MGA,2026-09-18 20:31:09,302,256,46
MHA,2026-09-18 20:31:09,"25,339","16,629","8,710"
NGD,2026-09-18 20:31:09,162,,162
PU,2026-09-18 20:31:09,512,,512
PNB,2026-09-18 20:31:09,"12,538","4,921","7,617"
RJ,2026-09-18 20:31:09,"13,770","8,311","5,459"
TND,2026-09-18 20:31:10,"19,041","8,314","10,727"
TPA,2026-09-18 20:31:12,322,107,215
SKM,2026-09-18 20:31:12,65,,65
TLG,2026-09-18 20:31:12,"9,567","6,230","3,337"
UP,2026-09-18 20:31:13,"26,258","14,520","11,738"
BGL,2026-09-18 20:31:13,"10,019","6,348","3,671"
UTK,2026-09-18 20:31:13,"2,248",984,"1,264"
AP,2026-09-18 23:57:27,"11,097","7,582","3,515"
ASM,2026-09-18 23:57:27,"2,189",436,"1,753"
ACP,2026-09-18 23:57:26,138,,138
DND,2026-09-18 23:57:27,364,,364
DNH,2026-09-18 23:57:27,964,,964
BHR,2026-09-18 23:57:27,"8,279",908,"7,371"
CHG,2026-09-18 23:57:27,263,,263
CTG,2026-09-18 23:57:28,"5,488","2,837","2,651"
GJT,2026-09-18 23:57:29,"18,801","10,876","7,925"
GOA,2026-09-18 23:57:29,556,,556
HP,2026-09-18 23:57:29,"1,422","1,258",164
DL,2026-09-18 23:57:29,"6,454","1,179","5,275"
KRL,2026-09-18 23:57:30,"4,834","1,773","3,061"
HRN,2026-09-18 23:57:30,"11,211","3,795","7,416"
JAK,2026-09-18 23:57:30,"1,646",752,894
JHK,2026-09-18 23:57:31,"2,072",409,"1,663"
MIP,2026-09-18 23:57:31,116,,116
MHA,2026-09-18 23:57:31,"24,820","16,605","8,215"
KRT,2026-09-18 23:57:31,"11,748","8,416","3,332"
MGA,2026-09-18 23:57:31,219,189,30
MPD,2026-09-18 23:57:31,"11,189","5,864","5,325"
PU,2026-09-18 23:57:31,479,,479
NGD,2026-09-18 23:57:31,108,,108
ODI,2026-09-18 23:57:32,"6,242","3,260","2,982"
TLG,2026-09-18 23:57:32,"8,665","5,949","2,716"
MZM,2026-09-18 23:57:31,74,,74
SKM,2026-09-18 23:57:32,32,,32
UP,2026-09-18 23:57:33,"25,910","14,345","11,565"
PNB,2026-09-18 23:57:33,"11,609","4,866","6,743"
BGL,2026-09-18 23:57:33,"10,119","6,424","3,695"
UTK,2026-09-18 23:57:33,"2,117",893,"1,224"
TPA,2026-09-18 23:57:33,298,106,192
RJ,2026-09-18 23:57:33,"13,706","7,671","6,035"
TND,2026-09-18 23:57:33,"18,229","8,175","10,054"
CHG,2026-09-19 03:10:45,209,,209
BHR,2026-09-19 03:10:45,"7,735",856,"6,879"
ASM,2026-09-19 03:10:44,"1,953",436,"1,517"
AP,2026-09-19 03:10:45,"10,423","7,402","3,021"
HRN,2026-09-19 03:10:46,"10,929","3,587","7,342"
ACP,2026-09-19 03:10:45,117,,117
DND,2026-09-19 03:10:47,354,,354
DNH,2026-09-19 03:10:47,982,,982
DL,2026-09-19 03:10:47,"5,218",988,"4,230"
GJT,2026-09-19 03:10:48,"17,727","9,690","8,037"
JAK,2026-09-19 03:10:48,"1,439",603,836
KRL,2026-09-19 03:10:49,"4,016",982,"3,034"
JHK,2026-09-19 03:10:49,"1,895",409,"1,486"
GOA,2026-09-19 03:10:49,532,,532
KRT,2026-09-19 03:10:49,"11,491","7,508","3,983"
CTG,2026-09-19 03:10:49,"5,304","2,704","2,600"
HP,2026-09-19 03:10:49,"1,323",983,340
MHA,2026-09-19 03:10:50,"23,991","16,034","7,957"
MIP,2026-09-19 03:10:50,100,,100
MGA,2026-09-19 03:10:50,203,136,67
MPD,2026-09-19 03:10:51,"10,435","5,846","4,589"
NGD,2026-09-19 03:10:51,85,,85
MZM,2026-09-19 03:10:51,57,,57
ODI,2026-09-19 03:10:51,"5,658","3,260","2,398"
PU,2026-09-19 03:10:52,393,,393
SKM,2026-09-19 03:10:52,25,,25
TND,2026-09-19 03:10:53,"16,429","7,760","8,669"
TPA,2026-09-19 03:10:53,262,105,157
TLG,2026-09-19 03:10:53,"8,081","5,783","2,298"
RJ,2026-09-19 03:10:53,"12,484","7,606","4,878"
PNB,2026-09-19 03:10:53,"11,619","4,830","6,789"
BGL,2026-09-19 03:10:53,"8,840","6,323","2,517"
UP,2026-09-19 03:10:53,"23,817","14,007","9,810"
UTK,2026-09-19 03:10:53,"1,781",920,861
ACP,2026-09-19 05:49:47,132,,132
AP,2026-09-19 05:49:47,"10,879","7,464","3,415"
DNH,2026-09-19 05:49:49,973,,973
BHR,2026-09-19 05:49:48,"7,394",856,"6,538"
CHG,2026-09-19 05:49:49,200,,200
ASM,2026-09-19 05:49:48,"1,616",436,"1,180"
CTG,2026-09-19 05:49:50,"5,674","2,756","2,918"
DND,2026-09-19 05:49:49,356,,356
DL,2026-09-19 05:49:50,"4,764",986,"3,778"
GOA,2026-09-19 05:49:50,522,,522
GJT,2026-09-19 05:49:50,"17,819","9,427","8,392"
HP,2026-09-19 05:49:50,"1,486","1,440",46
HRN,2026-09-19 05:49:51,"10,866","3,547","7,319"
KRT,2026-09-19 05:49:53,"11,418","7,183","4,235"
JHK,2026-09-19 05:49:53,"1,913",409,"1,504"
NGD,2026-09-19 05:49:53,139,,139
MHA,2026-09-19 05:49:53,"25,200","16,693","8,507"
KRL,2026-09-19 05:49:53,"3,946",782,"3,164"
MGA,2026-09-19 05:49:53,238,155,83
JAK,2026-09-19 05:49:53,"1,910",601,"1,309"
MPD,2026-09-19 05:49:53,"11,108","5,831","5,277"
MIP,2026-09-19 05:49:53,172,,172
MZM,2026-09-19 05:49:53,76,,76
ODI,2026-09-19 05:49:55,"5,364","3,260","2,104"
TLG,2026-09-19 05:49:55,"8,920","5,957","2,963"
RJ,2026-09-19 05:49:55,"13,436","7,812","5,624"
UP,2026-09-19 05:49:55,"21,603","13,927","7,676"
SKM,2026-09-19 05:49:55,45,,45
PU,2026-09-19 05:49:55,406,,406
PNB,2026-09-19 05:49:56,"12,190","5,209","6,981"
TND,2026-09-19 05:49:56,"16,481","6,985","9,496"
TPA,2026-09-19 05:49:56,222,106,116
UTK,2026-09-19 05:49:56,"1,828",919,909
BGL,2026-09-19 05:49:56,"7,821","6,477","1,344"
ASM,2026-09-19 11:22:45,"1,769",436,"1,333"
AP,2026-09-19 11:22:44,"12,300","7,643","4,657"
ACP,2026-09-19 11:22:44,153,,153
CTG,2026-09-19 11:22:46,"5,218","3,125","2,093"
DNH,2026-09-19 11:22:46,989,,989
DND,2026-09-19 11:22:47,395,,395
BHR,2026-09-19 11:22:47,"7,138","1,027","6,111"
CHG,2026-09-19 11:22:48,257,,257
JAK,2026-09-19 11:22:48,"2,224",603,"1,621"
GJT,2026-09-19 11:22:48,"17,889","12,320","5,569"
HRN,2026-09-19 11:22:48,"11,398","2,570","8,828"
KRT,2026-09-19 11:22:49,"18,474","10,740","7,734"
GOA,2026-09-19 11:22:49,544,,544
HP,2026-09-19 11:22:49,"1,661",980,681
DL,2026-09-19 11:22:49,"5,779",985,"4,794"
KRL,2026-09-19 11:22:50,"3,371",235,"3,136"
JHK,2026-09-19 11:22:50,"2,029",409,"1,620"
MHA,2026-09-19 11:22:51,"26,643","15,783","10,860"
MGA,2026-09-19 11:22:51,243,45,198
MIP,2026-09-19 11:22:51,150,,150
MPD,2026-09-19 11:22:51,"10,816","4,663","6,153"
PU,2026-09-19 11:22:51,407,,407
ODI,2026-09-19 11:22:51,"6,277","3,260","3,017"
MZM,2026-09-19 11:22:52,100,,100
NGD,2026-09-19 11:22:52,155,,155
RJ,2026-09-19 11:22:53,"10,785","12,832","-2,047"
PNB,2026-09-19 11:22:53,"15,940","5,384","10,556"
SKM,2026-09-19 11:22:53,61,,61
TND,2026-09-19 11:22:53,"17,367","14,129","3,238"
UP,2026-09-19 11:22:54,"23,471","14,240","9,231"
TPA,2026-09-19 11:22:54,270,105,165
BGL,2026-09-19 11:22:54,"10,305","5,938","4,367"
UTK,2026-09-19 11:22:54,"1,567",866,701
TLG,2026-09-19 11:22:54,"16,909","7,350","9,559"
CTG,2026-09-19 16:26:37,"5,449","2,999","2,450"
BHR,2026-09-19 16:26:36,"7,184",884,"6,300"
ACP,2026-09-19 16:26:35,168,,168
ASM,2026-09-19 16:26:35,"2,164",436,"1,728"
AP,2026-09-19 16:26:35,"11,976","7,067","4,909"
CHG,2026-09-19 16:26:37,291,,291
GOA,2026-09-19 16:26:37,580,,580
DND,2026-09-19 16:26:37,402,,402
DNH,2026-09-19 16:26:38,"1,010",,"1,010"
GJT,2026-09-19 16:26:38,"19,707","14,263","5,444"
HRN,2026-09-19 16:26:39,"12,010","2,976","9,034"
DL,2026-09-19 16:26:39,"6,175","1,021","5,154"
JAK,2026-09-19 16:26:40,"2,398",573,"1,825"
KRT,2026-09-19 16:26:40,"16,118","9,203","6,915"
JHK,2026-09-19 16:26:40,"1,758",409,"1,349"
MPD,2026-09-19 16:26:40,"11,269","5,937","5,332"
HP,2026-09-19 16:26:40,"1,686","1,086",600
KRL,2026-09-19 16:26:40,"4,306",563,"3,743"
MHA,2026-09-19 16:26:41,"27,856","17,674","10,182"
MGA,2026-09-19 16:26:41,240,49,191
MIP,2026-09-19 16:26:41,184,,184
MZM,2026-09-19 16:26:42,108,,108
ODI,2026-09-19 16:26:42,"5,991","3,260","2,731"
SKM,2026-09-19 16:26:43,54,,54
NGD,2026-09-19 16:26:43,199,,199
PNB,2026-09-19 16:26:43,"15,228","5,143","10,085"
RJ,2026-09-19 16:26:43,"13,362","11,425","1,937"
PU,2026-09-19 16:26:43,476,,476
TND,2026-09-19 16:26:44,"18,059","9,080","8,979"
TPA,2026-09-19 16:26:44,299,105,194
UTK,2026-09-19 16:26:44,"1,986",849,"1,137"
UP,2026-09-19 16:26:44,"21,296","12,447","8,849"
TLG,2026-09-19 16:26:44,"15,081","6,222","8,859"
BGL,2026-09-19 16:26:44,"9,969","5,663","4,306"
BHR,2026-09-19 19:54:29,"8,366","1,001","7,365"
ASM,2026-09-19 19:54:29,"2,659",436,"2,223"
AP,2026-09-19 19:54:30,"10,057","6,461","3,596"
ACP,2026-09-19 19:54:29,187,,187
CHG,2026-09-19 19:54:29,309,,309
CTG,2026-09-19 19:54:32,"4,956","2,668","2,288"
DNH,2026-09-19 19:54:32,988,,988
DND,2026-09-19 19:54:33,375,,375
HRN,2026-09-19 19:54:33,"11,431","3,511","7,920"
GOA,2026-09-19 19:54:33,614,,614
GJT,2026-09-19 19:54:33,"19,726","12,049","7,677"
DL,2026-09-19 19:54:33,"6,089","1,011","5,078"
JAK,2026-09-19 19:54:33,"2,443",871,"1,572"
HP,2026-09-19 19:54:34,"1,529","1,249",280
JHK,2026-09-19 19:54:35,"2,083",409,"1,674"
MHA,2026-09-19 19:54:35,"26,985","18,584","8,401"
KRT,2026-09-19 19:54:36,"11,687","9,023","2,664"
MZM,2026-09-19 19:54:36,126,,126
KRL,2026-09-19 19:54:36,"4,423","1,606","2,817"
MGA,2026-09-19 19:54:36,326,254,72
ODI,2026-09-19 19:54:37,"6,186","3,260","2,926"
MIP,2026-09-19 19:54:37,151,,151
NGD,2026-09-19 19:54:37,155,,155
MPD,2026-09-19 19:54:37,"11,724","6,306","5,418"
PU,2026-09-19 19:54:38,277,,277
TND,2026-09-19 19:54:39,"18,353","7,772","10,581"
TPA,2026-09-19 19:54:39,329,105,224
PNB,2026-09-19 19:54:39,"12,720","5,315","7,405"
UP,2026-09-19 19:54:39,"25,479","14,271","11,208"
BGL,2026-09-19 19:54:40,"10,964","6,173","4,791"
SKM,2026-09-19 19:54:40,72,,72
RJ,2026-09-19 19:54:40,"14,465","7,523","6,942"
TLG,2026-09-19 19:54:40,"9,472","6,599","2,873"
UTK,2026-09-19 19:54:40,"2,182",940,"1,242"
BHR,2026-09-19 23:30:30,"8,162",915,"7,247"
DND,2026-09-19 23:30:33,366,,366
AP,2026-09-19 23:30:31,"10,771","6,785","3,986"
ACP,2026-09-19 23:30:31,158,,158
CHG,2026-09-19 23:30:32,271,,271
ASM,2026-09-19 23:30:31,"2,573",436,"2,137"
CTG,2026-09-19 23:30:33,"5,124","2,758","2,366"
DNH,2026-09-19 23:30:32,981,,981
DL,2026-09-19 23:30:34,"6,367","1,193","5,174"
GOA,2026-09-19 23:30:34,562,,562
HRN,2026-09-19 23:30:34,"11,128","3,610","7,518"
HP,2026-09-19 23:30:35,"1,426","1,415",11
KRT,2026-09-19 23:30:35,"11,491","8,367","3,124"
JHK,2026-09-19 23:30:35,"1,885",409,"1,476"
JAK,2026-09-19 23:30:36,"1,793",572,"1,221"
GJT,2026-09-19 23:30:36,"18,938","11,925","7,013"
MHA,2026-09-19 23:30:36,"26,091","18,007","8,084"
MPD,2026-09-19 23:30:36,"11,002","5,776","5,226"
MIP,2026-09-19 23:30:37,120,,120
KRL,2026-09-19 23:30:37,"4,605","1,603","3,002"
PNB,2026-09-19 23:30:37,"12,002","5,382","6,620"
MGA,2026-09-19 23:30:37,230,151,79
ODI,2026-09-19 23:30:38,"6,160","3,260","2,900"
MZM,2026-09-19 23:30:38,80,,80
NGD,2026-09-19 23:30:39,118,,118
PU,2026-09-19 23:30:39,427,,427
TND,2026-09-19 23:30:39,"17,647","7,105","10,542"
SKM,2026-09-19 23:30:39,33,,33
RJ,2026-09-19 23:30:39,"14,159","7,680","6,479"
TLG,2026-09-19 23:30:39,"8,786","6,257","2,529"
UTK,2026-09-19 23:30:39,"2,093",884,"1,209"
UP,2026-09-19 23:30:39,"25,706","14,163","11,543"
TPA,2026-09-19 23:30:40,313,106,207
BGL,2026-09-19 23:30:40,"11,225","6,005","5,220"
CHG,2026-09-20 02:08:14,229,,229
BHR,2026-09-20 02:08:14,"8,057",868,"7,189"
ASM,2026-09-20 02:08:14,"2,219",436,"1,783"
AP,2026-09-20 02:08:13,"9,537","6,439","3,098"
ACP,2026-09-20 02:08:13,139,,139
DL,2026-09-20 02:08:14,"5,489","1,023","4,466"
GOA,2026-09-20 02:08:15,549,,549
CTG,2026-09-20 02:08:15,"5,202","2,659","2,543"
HRN,2026-09-20 02:08:15,"10,198","3,506","6,692"
DND,2026-09-20 02:08:15,362,,362
DNH,2026-09-20 02:08:16,988,,988
HP,2026-09-20 02:08:17,"1,350","1,050",300
JHK,2026-09-20 02:08:17,"1,874",409,"1,465"
MPD,2026-09-20 02:08:17,"10,540","5,379","5,161"
KRT,2026-09-20 02:08:17,"10,297","7,091","3,206"
MIP,2026-09-20 02:08:17,95,,95
KRL,2026-09-20 02:08:17,"4,200","1,411","2,789"
GJT,2026-09-20 02:08:17,"17,979","10,859","7,120"
JAK,2026-09-20 02:08:18,"1,562",572,990
MHA,2026-09-20 02:08:18,"25,180","17,061","8,119"
MGA,2026-09-20 02:08:18,207,142,65
MZM,2026-09-20 02:08:18,56,,56
NGD,2026-09-20 02:08:19,95,,95
PNB,2026-09-20 02:08:19,"11,761","4,903","6,858"
PU,2026-09-20 02:08:19,383,,383
ODI,2026-09-20 02:08:19,"5,605","3,260","2,345"
BGL,2026-09-20 02:08:20,"9,905","5,954","3,951"
TLG,2026-09-20 02:08:20,"8,148","5,765","2,383"
RJ,2026-09-20 02:08:20,"13,746","7,733","6,013"
TPA,2026-09-20 02:08:20,272,103,169
SKM,2026-09-20 02:08:20,26,,26
TND,2026-09-20 02:08:21,"16,277","6,445","9,832"
UTK,2026-09-20 02:08:21,"1,864",890,974
UP,2026-09-20 02:08:21,"23,703","13,633","10,070"
ACP,2026-09-20 04:32:39,129,,129
AP,2026-09-20 04:32:38,"9,184","6,425","2,759"
CHG,2026-09-20 04:32:39,210,,210
ASM,2026-09-20 04:32:38,"1,990",436,"1,554"
BHR,2026-09-20 04:32:39,"7,596",864,"6,732"
CTG,2026-09-20 04:32:40,"5,300","2,662","2,638"
DL,2026-09-20 04:32:40,"4,810",982,"3,828"
GOA,2026-09-20 04:32:41,534,,534
DNH,2026-09-20 04:32:41,978,,978
GJT,2026-09-20 04:32:42,"17,522","10,608","6,914"
KRT,2026-09-20 04:32:42,"11,057","6,783","4,274"
JHK,2026-09-20 04:32:42,"1,857",409,"1,448"
DND,2026-09-20 04:32:42,352,,352
HRN,2026-09-20 04:32:42,"10,903","3,166","7,737"
MPD,2026-09-20 04:32:43,"10,324","5,432","4,892"
JAK,2026-09-20 04:32:44,"1,497",573,924
NGD,2026-09-20 04:32:45,86,,86
HP,2026-09-20 04:32:45,"1,355","1,191",164
MGA,2026-09-20 04:32:45,194,113,81
MZM,2026-09-20 04:32:45,44,,44
KRL,2026-09-20 04:32:46,"3,773","1,013","2,760"
ODI,2026-09-20 04:32:46,"5,564","3,260","2,304"
MIP,2026-09-20 04:32:46,96,,96
MHA,2026-09-20 04:32:46,"24,874","16,125","8,749"
PNB,2026-09-20 04:32:47,"11,847","5,018","6,829"
PU,2026-09-20 04:32:47,361,,361
SKM,2026-09-20 04:32:48,25,,25
RJ,2026-09-20 04:32:48,"13,403","7,660","5,743"
TPA,2026-09-20 04:32:48,235,105,130
UTK,2026-09-20 04:32:48,"1,737",872,865
UP,2026-09-20 04:32:49,"22,584","13,648","8,936"
TND,2026-09-20 04:32:49,"15,041","5,510","9,531"
BGL,2026-09-20 04:32:49,"9,012","6,020","2,992"
TLG,2026-09-20 04:32:49,"7,976","5,591","2,385"
BHR,2026-09-20 06:37:07,"7,370",887,"6,483"
GOA,2026-09-20 06:37:09,530,,530
DNH,2026-09-20 06:37:08,970,,970
AP,2026-09-20 06:37:06,"9,006","6,298","2,708"
CHG,2026-09-20 06:37:08,199,,199
ASM,2026-09-20 06:37:07,"1,619",436,"1,183"
ACP,2026-09-20 06:37:07,137,,137
DND,2026-09-20 06:37:08,349,,349
CTG,2026-09-20 06:37:09,"5,679","2,744","2,935"
DL,2026-09-20 06:37:09,"4,573",984,"3,589"
JAK,2026-09-20 06:37:10,"2,080",571,"1,509"
GJT,2026-09-20 06:37:10,"17,752","10,723","7,029"
HP,2026-09-20 06:37:11,"1,660","1,214",446
KRL,2026-09-20 06:37:11,"3,758","1,035","2,723"
KRT,2026-09-20 06:37:11,"12,247","6,951","5,296"
JHK,2026-09-20 06:37:11,"1,945",409,"1,536"
MHA,2026-09-20 06:37:11,"25,775","17,481","8,294"
HRN,2026-09-20 06:37:12,"10,581","3,267","7,314"
MIP,2026-09-20 06:37:12,165,,165
MGA,2026-09-20 06:37:13,220,144,76
ODI,2026-09-20 06:37:13,"5,365","3,260","2,105"
MZM,2026-09-20 06:37:13,79,,79
TND,2026-09-20 06:37:14,"15,060","5,600","9,460"
MPD,2026-09-20 06:37:14,"11,470","5,986","5,484"
NGD,2026-09-20 06:37:14,133,,133
PU,2026-09-20 06:37:15,355,,355
PNB,2026-09-20 06:37:15,"11,394","4,860","6,534"
SKM,2026-09-20 06:37:15,49,,49
RJ,2026-09-20 06:37:15,"13,833","7,562","6,271"
TLG,2026-09-20 06:37:15,"9,882","6,671","3,211"
TPA,2026-09-20 06:37:15,204,104,100
UTK,2026-09-20 06:37:15,"1,806",930,876
UP,2026-09-20 06:37:15,"20,549","13,483","7,066"
BGL,2026-09-20 06:37:16,"7,795","5,594","2,201"
